-- phpMyAdmin SQL Dump
-- version 4.2.11
-- http://www.phpmyadmin.net
--
-- Host: 127.0.0.1
-- Generation Time: Jul 30, 2015 at 11:19 AM
-- Server version: 5.6.21
-- PHP Version: 5.5.19

SET SQL_MODE = "NO_AUTO_VALUE_ON_ZERO";
SET time_zone = "+00:00";


/*!40101 SET @OLD_CHARACTER_SET_CLIENT=@@CHARACTER_SET_CLIENT */;
/*!40101 SET @OLD_CHARACTER_SET_RESULTS=@@CHARACTER_SET_RESULTS */;
/*!40101 SET @OLD_COLLATION_CONNECTION=@@COLLATION_CONNECTION */;
/*!40101 SET NAMES utf8 */;

--
-- Database: `cdcol`
--

-- --------------------------------------------------------

--
-- Table structure for table `cds`
--

CREATE TABLE IF NOT EXISTS `cds` (
  `titel` varchar(200) COLLATE latin1_general_ci DEFAULT NULL,
  `interpret` varchar(200) COLLATE latin1_general_ci DEFAULT NULL,
  `jahr` int(11) DEFAULT NULL,
`id` bigint(20) unsigned NOT NULL
) ENGINE=MyISAM AUTO_INCREMENT=7 DEFAULT CHARSET=latin1 COLLATE=latin1_general_ci;

--
-- Dumping data for table `cds`
--

INSERT INTO `cds` (`titel`, `interpret`, `jahr`, `id`) VALUES
('Beauty', 'Ryuichi Sakamoto', 1990, 1),
('Goodbye Country (Hello Nightclub)', 'Groove Armada', 2001, 4),
('Glee', 'Bran Van 3000', 1997, 5);

--
-- Indexes for dumped tables
--

--
-- Indexes for table `cds`
--
ALTER TABLE `cds`
 ADD PRIMARY KEY (`id`);

--
-- AUTO_INCREMENT for dumped tables
--

--
-- AUTO_INCREMENT for table `cds`
--
ALTER TABLE `cds`
MODIFY `id` bigint(20) unsigned NOT NULL AUTO_INCREMENT,AUTO_INCREMENT=7;--
-- Database: `okadb`
--

-- --------------------------------------------------------

--
-- Table structure for table `kelompoks`
--

CREATE TABLE IF NOT EXISTS `kelompoks` (
`id` int(11) NOT NULL,
  `nama_kelompok` varchar(512) NOT NULL,
  `nama_mapen` varchar(512) NOT NULL
) ENGINE=InnoDB AUTO_INCREMENT=40 DEFAULT CHARSET=latin1;

--
-- Dumping data for table `kelompoks`
--

INSERT INTO `kelompoks` (`id`, `nama_kelompok`, `nama_mapen`) VALUES
(1, 'GUDEG', 'DICKY'),
(2, 'PEMPEK', 'DEA'),
(3, 'SATE MADURA', 'RYAN'),
(4, 'RUJAK CINGUR', 'FEBRI'),
(5, 'LOTEK', 'DEVTY'),
(6, 'KETOPRAK', 'RASE'),
(7, 'TAHU GEJROT', 'NOVAN'),
(8, 'BATAGOR', 'ARNI'),
(9, 'PAPEDA', 'DYAH'),
(10, 'AYAM BETUTU', 'THEO'),
(11, 'KLAPERTART', 'PRISKA'),
(12, 'IKAN ARSIK', 'PUTRA'),
(13, 'BIKA AMBON', 'ABIGAIL'),
(14, 'SERABI', 'YOSUA S'),
(15, 'JADAH TEMPE', 'MICHAEL'),
(16, 'CIRENG', 'KEVIN'),
(17, 'WEDANG RONDE', 'DIAN'),
(18, 'MENDOAN', 'YOELA'),
(19, 'BREM', 'YOSUA H'),
(20, 'SEMAR MENDEM', 'YUDHA'),
(21, 'BRENEBON', 'RISTA'),
(22, 'TEMPOYA', 'LINA'),
(23, 'SEGO MEGONO', 'DANIEL'),
(24, 'OTAK OTAK', 'YOGA'),
(25, 'ES DAWET AYU', 'EDU'),
(26, 'RAWON', 'ONGEN'),
(27, 'BAKPIA PATHOK', 'INONG'),
(28, 'RENDANG', 'IRA'),
(29, 'CARICA', 'CHRISTO'),
(30, 'ES PISANG IJO', 'DEO'),
(31, 'WINGKO BABAT', 'FILIPUS'),
(32, 'TAHU SUMEDANG', 'GIAN'),
(33, 'TEKWAN', 'ICHAK'),
(34, 'BAKWAN KAWI', 'TIAN'),
(35, 'BANDENG PRESTO', 'RACHEL'),
(36, 'SEGO PECEL MADIUN', 'BONTOR'),
(37, 'WAJIK', 'ARKA'),
(38, 'BANTAL', 'BILHA'),
(39, 'NASI TIMLO', 'MEGA');

-- --------------------------------------------------------

--
-- Table structure for table `pesertas`
--

CREATE TABLE IF NOT EXISTS `pesertas` (
`id` int(11) NOT NULL,
  `nim` varchar(30) DEFAULT NULL,
  `idkelompok` int(2) DEFAULT NULL,
  `nama` varchar(512) NOT NULL,
  `jenis_kelamin` varchar(512) NOT NULL,
  `tempat_lahir` varchar(512) NOT NULL,
  `tanggal_lahir` date NOT NULL,
  `golongan_darah` varchar(512) NOT NULL,
  `agama` varchar(512) NOT NULL,
  `nomor_telpon` varchar(512) NOT NULL,
  `nomor_orangtua` varchar(512) NOT NULL,
  `alamat_asal` varchar(512) NOT NULL,
  `alamat_jogja` varchar(512) NOT NULL,
  `asal_sekolah` varchar(512) NOT NULL,
  `kota_asal_sekolah` varchar(512) NOT NULL,
  `idprodi` int(2) NOT NULL,
  `ukuran_almamater` varchar(512) NOT NULL,
  `alergi` varchar(512) DEFAULT NULL,
  `penyakit_diderita` varchar(512) DEFAULT NULL,
  `alergi_makanan` varchar(512) DEFAULT NULL,
  `vegetarian` varchar(512) NOT NULL,
  `tonti` char(5) NOT NULL,
  `created` datetime DEFAULT NULL,
  `modified` datetime DEFAULT NULL
) ENGINE=InnoDB AUTO_INCREMENT=547 DEFAULT CHARSET=latin1;

--
-- Dumping data for table `pesertas`
--

INSERT INTO `pesertas` (`id`, `nim`, `idkelompok`, `nama`, `jenis_kelamin`, `tempat_lahir`, `tanggal_lahir`, `golongan_darah`, `agama`, `nomor_telpon`, `nomor_orangtua`, `alamat_asal`, `alamat_jogja`, `asal_sekolah`, `kota_asal_sekolah`, `idprodi`, `ukuran_almamater`, `alergi`, `penyakit_diderita`, `alergi_makanan`, `vegetarian`, `tonti`, `created`, `modified`) VALUES
(1, '31150017', 1, 'Margaretha Yuni Tayati', 'Perempuan', 'Lenggang', '1998-06-10', 'B', 'Kristen', '081349523574', '085332755386', 'Ds. Lenggang RT/RW 003/001 Kec. Raren Batuah, Kalimantan Tengah', '', 'SMA Frater "Don Bosco" Banjarmasin', 'Banjarmasin', 3, 'M', 'Tidak ada', 'Tidak ada', 'Tidak ada', 'Tidak vegetarian', 'Ya', '2015-06-08 08:48:44', '2015-06-08 15:56:29'),
(2, '12140063', 34, 'devie agustin yoku', 'Perempuan', 'sentani', '1996-08-05', 'O', 'Kristen', '082225996817', '085242166022', 'jln. ifar gunung', 'jln. klitren lor gondokusuman', 'yppk asisi sentani', 'jayapura sentani', 7, 'L', 'Tidak ada', 'Tidak ada', 'Tidak ada', 'Tidak vegetarian', 'Tidak', '2015-06-08 08:55:55', '2015-07-03 11:30:49'),
(3, '11140095', 36, 'Nathaza Gayatry Woen', 'Perempuan', 'Dilli', '1996-04-09', 'A', 'Kristen', '081389024299', '081355529899', 'Jln. jeruk nipis no 319 furia kota raja dalam , jayapura papua', 'Perumahan ayudiah citra 2 D27 Yogyakrta', 'SMA Stella Duce 2 ', 'Yogyakarta', 8, 'S', 'Tidak ada', 'Tidak ada', 'Tidak ada', 'Tidak vegetarian', 'Tidak', '2015-06-08 09:08:40', '2015-06-08 16:04:23'),
(4, '61150018', 19, 'elizabeth maenitulo duha', 'Perempuan', 'tangerang', '1995-06-30', 'O', 'Kristen', '085200800106', '081396715333', 'Jln Pelita no 100 pasar teluk dalam nias selatan', 'jln seturan gg wiroto no 189 A RT 7 RW 16', 'Sma negri 1 muara bungo', 'Muara Bungo', 6, 'S', 'Tidak ada', 'vertigo', 'Tidak ada', 'Tidak vegetarian', 'Ya', '2015-06-08 09:19:12', '2015-06-08 15:52:03'),
(5, '12150020', 27, 'angelina devi ayuningtyas', 'Perempuan', 'palembang', '1997-12-10', 'O', 'Katholik', '089642693803', '082136495807', 'Jakal 7,5 ngabean Kulon ngaglik sleman yogyakrta jl srikandi 27a', 'Jakal 7,5 ngabean Kulon ngaglik sleman yogyakrta jl srikandi 27a', 'SMA Stella Duce 2 ', 'Yogyakarta', 7, 'S', 'Tidak ada', 'Tidak ada', 'Tidak ada', 'Tidak vegetarian', 'Tidak', '2015-06-08 09:25:24', '2015-06-08 15:48:45'),
(6, '41150028', 9, 'FEBRIAN ROSALINDA NUSANTARI', 'Perempuan', 'SRAGEN', '1999-02-19', 'O', 'Katholik', '089625707404', '082134642450', 'NGRANGGING RT18 RW 05 SINGOPADU, SIDOHARJO, SRAGEN', 'JALAN TRIMO NO.03, KOTABARU, YOGYAKARTA', 'SMA NEGERI 1 SRAGEN', 'SRAGEN', 10, 'S', 'Tidak ada', 'Tidak ada', 'MAKANAN LAUT', 'Tidak vegetarian', 'Tidak', '2015-06-08 09:32:04', '2015-06-08 16:00:58'),
(7, '72150017', 16, 'RINA WIDIANA SARI', 'Perempuan', 'LUWUK', '1997-10-17', 'O', 'Hindu', '085696935506', '085280305421', 'JALAN TADOLAKO KM 4 LUWUK, SULAWESI TENGAH', 'JALAN RANODIGDAYAN KEL. BAUSASRAN', 'SMA NEGERI 3 LUWUK', 'LUWUK, SULAWESI TENGAH', 2, 'S', 'Tidak ada', 'Tidak ada', 'ayam, seafood sama telor gak oleh sering (banyak)', 'Tidak vegetarian', 'Ya', '2015-06-08 09:39:48', '2015-06-08 16:07:39'),
(8, '11140100', 20, 'Desy Kristianti Panjaitan', 'Perempuan', 'kalimantan Timur', '1995-12-17', 'O', 'Kristen', '082364607663', '081375499791', 'Medan', 'klitren ', 'SMA NEGERI 1 SIBOLGA', 'SIBOLGA', 8, 'empty', 'Tidak ada', 'Tidak ada', 'Tidak ada', 'vegetarian', 'Tidak', '2015-06-08 09:46:39', '2015-06-08 16:04:37'),
(9, '72150018', 6, 'Ni Kadek Reika Yogiantari', 'Perempuan', 'LUWUK', '2005-06-08', '', 'Hindu', '085756358862', '085257164167', 'luwuk,Banggai,sulawesi tengah', 'jln,ronodigdayan kel.bausasran', 'SMA NEGERI 3', 'lUWUK', 2, 'S', 'Tidak ada', 'Maag', 'Tidak ada', 'Tidak vegetarian', 'Ya', '2015-06-08 09:55:55', '2015-06-08 16:07:49'),
(10, '31140057', 12, 'Defrita Berada'' ', 'Perempuan', 'Samarinda', '1996-01-25', 'A', 'Kristen', '085393978483', '081347224577', 'Jl. Pergam No. H.285 Griya Prima Lestari, sangatta, KALTIM', 'Jl. Klitren Lor GK III No. 434', 'St. Fransiskus Assisi', 'Samarinda', 3, 'empty', 'Tidak ada', 'Tidak ada', 'Tidak ada', 'Tidak vegetarian', 'Tidak', '2015-06-08 10:06:11', '2015-06-08 15:56:43'),
(11, '72150019', 24, 'Verina Kristanti Wiyono', 'Perempuan', 'Yogyakarta', '1997-02-27', 'O', 'Kristen', '083867682903', '0816687235', 'Perum Taman Griya Indah II / D-159 , Ngestiharjo , Kasihan , Bantul . 55182', 'Perum Taman Griya Indah II / D-159 , Ngestiharjo , Kasihan , Bantul . 55182', 'SMA BOPKRI 1 YOGYAKARTA', 'Yogyakarta', 2, 'S', 'Tidak ada', 'Tidak ada', 'Tidak ada', 'Tidak vegetarian', 'Ya', '2015-06-08 10:06:39', '2015-06-08 16:08:19'),
(12, '31150013', 11, 'Cherry Diva Nathania', 'Perempuan', 'Yogyakarta', '1997-11-23', 'O', 'Kristen', '085641116067', '08122690290', 'Sanggrahan RT 13/ RW 01 Purwomartani Kalasan Sleman Yogyakarta', 'Sanggrahan RT 13/ RW 01 Purwomartani Kalasan Sleman ', 'SMA N 2 Ngaglik', 'Yogyakarta', 3, 'S', 'Tidak ada', 'Asma', 'Tidak ada', 'Tidak vegetarian', 'Ya', '2015-06-08 10:09:26', '2015-07-03 11:35:12'),
(13, '71150038', 25, 'NI LUH MURYANTI', 'Perempuan', 'LUWUK', '1997-06-07', '', 'Hindu', '085696506093', '085341334690', 'LUWUK, SULAWESI TENGAH', 'JL. RONODIGDAYAN. KEL. BAUSASRAN ', 'SMA NEGERI 3 LUWUK', 'LUWUK, SULAWESI TENGAH', 1, 'S', 'DEBU', 'Tidak ada', 'Tidak ada', 'Tidak vegetarian', 'Ya', '2015-06-08 10:12:23', '2015-06-08 16:09:47'),
(14, '61140031', 21, 'stefanus julio montolalu', 'Laki-laki', 'surabaya', '1996-07-16', '', 'Katholik', '087838943119', '082159407406', 'tanjung', 'klitren lor', 'sma frater don bosco banjarmasin', 'banjarmasin', 6, 'empty', 'Tidak ada', 'asma', 'Tidak ada', 'Tidak vegetarian', 'Tidak', '2015-06-08 10:18:40', '2015-06-08 15:53:20'),
(15, '11150026', 26, 'RIONALDY DISPICORPIO MANUMPIL', 'Laki-laki', 'KUMA', '1995-11-07', 'AB', 'Kristen', '082194001502', '082396714194', 'KAMPUNG KUMA KECAMATAN TABUKAN-TENGAH', 'KLITREN LOR GK 3', 'SMA NEGERI 1 TAHUNA', 'TAHUNA', 8, 'L', '', 'PATAH TULANG SIKU KIRI ', 'AYAM, TELUR', 'Tidak vegetarian', 'Ya', '2015-06-08 10:19:04', '2015-06-12 13:42:33'),
(16, '61140100', 29, 'helga ramona rupesta simatupang', 'Perempuan', 'M.muda', '1996-06-26', 'B', 'Kristen', '087749267745', '081991119385', 'Medan', 'klitren lor', 'SMA N 1 kualuh hulu', 'Aek Kanopan', 6, 'empty', 'Tidak ada', 'anemia', 'tidak ada', 'Tidak vegetaria-n', 'Ya', '2015-06-08 10:19:51', '2015-06-08 15:53:11'),
(17, '72150010', 3, 'BONIFASIUS ADHI PRATAMA', 'Laki-laki', 'SITUBONDO', '1997-07-15', 'O', 'Katholik', '085702412623', '082143929315', 'SEKARAN MAGELANG', '-', 'SMA TARAKANITA ', 'MAGELANG', 2, 'L', 'Tidak ada', 'Tidak ada', 'Tidak ada', 'Tidak vegetarian', 'Ya', '2015-06-08 10:26:35', '2015-06-08 16:08:45'),
(18, '01150003', 14, 'merrys kristien vilawati', 'Perempuan', 'lumajang', '1997-03-08', 'O', 'Kristen', '085233900057', '081334250329', 'jln. manggis no 08 RT 03 RW 01 Tempursari. Lumajang', '', 'SMAN 1 CANDIPURO', 'LUMAJANG', 4, 'M', 'Tidak ada', 'Tidak ada', 'Tidak ada', 'Tidak vegetarian', 'Tidak', '2015-06-08 10:26:58', '2015-06-08 16:11:28'),
(19, '12150022', 10, 'MARIA FATIMA ADVENSIANA SINA', 'Perempuan', 'ENDE', '1996-12-20', 'O', 'Katholik', '082342368086', '081339218396', 'ende', 'litren lor', 'SMA TRI DHARAMA ENDE', 'ENDE', 7, 'S', 'Tidak ada', 'Tidak ada', 'Tidak ada', 'Tidak vegetarian', 'Ya', '2015-06-08 10:36:13', '2015-07-03 11:32:07'),
(20, '41150020', 2, 'MIA FLORENSIA TAMMARA', 'Perempuan', 'PALANGKA RAYA', '1997-06-30', 'AB', 'Kristen', '082155050562', '081349170515', 'JL. PADAT KARYA III, KEC BUKIT BATU, PALANGKA RAYA, KALIMANTAN TENGAH', 'PERUMAHAN GUNUNG SEMPU RT 06 N0 180, TAMANTIRTO,KASIHAN,BANTUL, YOGYAKARTA', 'SMA NEGERI 6 PALANGKA RAYA', 'PALANGKA RAYA', 10, 'S', 'Tidak ada', 'Tidak ada', 'Tidak ada', 'Tidak vegetarian', 'Ya', '2015-06-08 10:36:18', '2015-06-08 16:00:54'),
(21, '41150022', 26, 'JULIA ELFREDA CHANDRA', 'Perempuan', 'JAMBI', '1996-07-16', 'AB', 'Budha', '087793003222', '081366456888', 'JL.MERDEKA NO 21, MUARA BUNGO, JAMBI', 'JL.KRASAK BARAT NO 13', 'SMA NEGERI 1 MUARA BUNGO', 'MUARA BUNGO, JAMBI', 10, 'S', 'DEBU (BISA MEMAKAI MASKER)', 'Tidak ada', 'Tidak ada', 'Tidak vegetarian', 'Tidak', '2015-06-08 10:37:36', '2015-06-08 16:00:50'),
(22, '11150015', 7, 'NATALIA WIJAYA', 'Perempuan', 'JAMBI', '1997-10-16', 'B', 'Budha', '08972417626', '085266766922', 'JL.KH.MAS.MANSYUR RT.15 RW.01 SIMPANG PULAI, JAMBI', 'JL.KRASAK BARAT NO.13', 'SMK UNGGUL SAKTI', 'JAMBI', 8, 'S', 'Tidak ada', 'Tidak ada', 'SEAFOOD', 'Tidak vegetarian', 'Tidak', '2015-06-08 10:45:07', '2015-06-08 16:05:00'),
(23, '71150036', 10, 'INGGAR SATRIAWAN', 'Laki-laki', 'BANDUNG', '1997-04-10', 'B', 'Kristen', '085701079777', '085715762549', 'RT 2 RW 2 PINTU1 DUSUN PERMITAN DESA BONDOWOSO KEC.MERTOYUDAN KAB.MAGELANG', '', 'SMA EL SHADAI MAGELANG', 'MAGELANG', 1, 'XL', 'Tidak ada', 'Tidak ada', 'Tidak ada', 'Tidak vegetarian', 'Ya', '2015-06-08 10:50:41', '2015-06-08 16:09:54'),
(24, '72150015', 23, 'LEO VINA', 'Perempuan', 'PANGKALPINANG', '1997-07-24', 'A', 'Katholik', '081995325398', '081367777348', 'JALAN NILAM 1 NO.28 BACANG, PANGKALPINANG, BANGKA BELITUNG', 'JALAN KALIURANG 7,5 , NGABEAN KULON RT  05 RW 35 KEL SINDUHARJO KEC NGNAGLIK, SLEMAN-YOGJAKARTA', 'SMA NEGERI 2 PANGKALPINANG', 'PANGKALPINANG', 2, 'S', 'Tidak ada', 'Tidak ada', 'Tidak ada', 'Tidak vegetarian', 'Tidak', '2015-06-08 10:59:15', '2015-06-08 16:09:02'),
(25, '31150010', 6, 'DHIRA PUTTAJAYA', 'Laki-laki', 'PANGKALPINANG', '1998-04-15', 'A', 'Budha', '085273418689', '081373884399', 'DESA JERUK KABUPATEN BANGKA TENGAH KEPULAUAN BANGKA BELITUNG', 'SAMIRONO CT.VII 208 RT.10. RW.3', 'SMA N 2 PANGKALPINANG', 'PANGKALPINANG', 3, 'S', 'Tidak ada', 'Tidak ada', 'Tidak ada', 'Tidak vegetarian', 'Tidak', '2015-06-08 10:59:21', '2015-06-08 15:55:57'),
(26, '41150034', 28, 'RUTH DEAS MULIANY', 'Perempuan', 'POSO', '1997-10-27', '', 'Kristen', '082394208811', '081341021143', 'JL. APOLLO, NO.25', 'JL. MOJO, NO.10', 'SMAN 2 PALU', 'PALU', 10, 'S', 'Tidak ada', 'Tidak ada', 'Tidak ada', 'Tidak vegetarian', 'Tidak', '2015-06-08 10:59:56', '2015-06-08 16:00:46'),
(27, '71150014', 27, 'YOEL TANUJAYA', 'Laki-laki', 'YOGYAKARTA', '1997-02-04', 'O', 'Kristen', '08992393291', '087839422221', 'JL. WULUNG NO 6 RT 016 RW 006 PAPRINGAN CATURTUNGGAL DEPOK SLEMAN', 'JL. WULUNG NO 6 RT 016 RW 006 PAPRINGAN CATURTUNGGAL DEPOK SLEMAN', 'HOMESCHOOLING PRIMAGAMA', 'YOGYAKARTA', 1, 'XXL', 'Tidak ada', 'Tidak ada', 'Tidak ada', 'Tidak vegetarian', 'Tidak', '2015-06-08 11:05:19', '2015-06-08 16:10:01'),
(28, '12150015', 35, 'Angelin Meivian Leatomu', 'Perempuan', 'AMBON', '1997-05-11', 'A', 'Kristen', '081247180477', '081343378288', 'AMBON, KUSU - KUSU SEREH', 'KRASAK TIMUR NO. 28 B', 'SMA NEGERI 1 AMBON', 'AMBON', 7, 'S', 'Tidak ada', 'Tidak ada', 'Tidak ada', 'Tidak vegetarian', 'Tidak', '2015-06-08 11:08:37', '2015-06-08 15:49:30'),
(29, '12140052', 38, 'YOHANA FELISBELLA RYSZE', 'Perempuan', 'SERANG', '1996-02-29', 'A', 'Katholik', '085313639881', '081585823716', 'KOMP.PURNA BHAKTI RT.01 RW.10 NO.39. TAMAN SERANG-BANTEN', 'KLITREN LOR GK III ', 'SMAN 2 KOTA SERANG', 'SERANG BANTEN', 7, 'empty', 'Tidak ada', 'Tidak ada', 'Tidak ada', 'Tidak vegetarian', 'Tidak', '2015-06-08 11:21:20', '2015-06-08 15:49:43'),
(30, '12140061', 8, 'Harsinta Dwinar Riskyanti', 'Perempuan', 'UjungPandang', '1996-09-09', 'O', 'Kristen', '085242463429', '085255733155', 'BTP BLOK D NO.8B', 'KLITREN LOR GK.3 NO.383', 'SMA NEGERI 5 Makassar', 'Makassar, Sul-sel', 7, 'S', '-', '-', '-', '-', 'Tidak', '2015-06-08 11:26:00', '2015-06-08 15:49:53'),
(31, '01150004', 33, 'NORMIN BR TARIGAN', 'Perempuan', 'TG.MORAWA', '1997-04-29', 'O', 'Kristen', '082364492936', '08126445572', 'DESA BANGUN SARI  DSN XIV KEC.DELI SERDANG', 'JL.PURBONEGARAAN WISMA PERABA SANTI', 'SMA NEGERI 1 TG.MORAWA', 'TANJUNG MORAWA', 4, 'S', 'Tidak ada', 'Tidak ada', 'Tidak ada', 'Tidak vegetarian', 'Ya', '2015-06-08 11:34:36', '2015-06-08 16:11:28'),
(33, '01150001', 15, 'EKITWYNN HANDINATA KEMIT', 'Laki-laki', 'BERASTAGI', '1997-03-21', 'A', 'Kristen', '082160285136', '081362159232', 'JL.SUDIRMAN KABANJAHE', 'ASRAMA TEOLOGI UKDW', 'SMAN 1 BERASTAGI', 'BERASTAGI', 4, 'XL', 'Tidak ada', 'Tidak ada', 'Tidak ada', 'Tidak vegetarian', 'Ya', '2015-06-08 11:43:27', '2015-06-08 16:11:55'),
(35, '11130080', 32, 'DESLA AGA PESHEANY', 'Perempuan', 'BANJARNEGARA', '1995-12-10', 'B', 'Kristen', '085750197374', '085233623499', 'TEGALREJO RT 21 RW 4 KELUMPANG HILIR, KOTABARU,KALIMANTAN SELATAN', 'KLITREN LOR GK 3 NO 257 RT 14 RW 4', 'SMAN 1 KELUMPANG HILIR', 'KOTABARU', 8, 'empty', 'Tidak ada', 'Tidak ada', 'Tidak ada', 'Tidak vegetarian', 'Ya', '2015-06-08 11:44:37', '2015-06-08 16:06:03'),
(36, '71150024', 34, 'GRANLY HIZKYA RUMONDOR', 'Laki-laki', 'TOMOHON', '1997-06-06', 'O', 'Kristen', '085344006780', '085244469777', 'JL. KOTARAJA-ABEPURA, JAYAPURA PAPUA', 'KLITREN LOR GK3 ', 'SMK N 3 JAYAPURA', 'JAYAPURA', 1, 'L', 'Tidak ada', 'Tidak ada', 'Tidak ada', 'Tidak vegetarian', 'Ya', '2015-06-08 11:57:07', '2015-06-08 16:10:09'),
(37, '11140089', 33, 'SAYOGA PERANGIN-ANGIN', 'Laki-laki', 'BUKIT', '1996-05-02', 'B', 'Kristen', '087868412068', '081370624330', 'JL.JAMIN GINTING NO.117 MEDAN', 'JL.BAUSASRAN NO,618', 'SMK NEGERI 10 MEDAN', 'MEDAN', 8, 'empty', 'Tidak ada', 'Tidak ada', 'Tidak ada', 'Tidak vegetarian', 'Ya', '2015-06-08 11:57:45', '2015-06-08 16:05:58'),
(38, '11140092', 22, 'MONICA PAULINA NATALIE', 'Perempuan', 'TASIKMALAYA', '1996-12-21', 'B', 'Katholik', '082307155559', '085223009770', 'JL SUKALAYA III NO 14, TASIKMALAYA, JAWA BARAT', 'JL KEPUH GK III', 'SMAK BPK PENABUR TASIKMALAYA', 'TASIKMALAYA', 8, 'M', 'DEBU', 'MAAG', 'SEA FOOD', 'Tidak vegetarian', 'Ya', '2015-06-08 11:58:30', '2015-06-08 16:05:54'),
(39, '01150001', 30, 'GLADYS N M SENDOH', 'Perempuan', 'ABEPURA', '1998-10-23', 'O', 'Kristen', '081344750296', '08124888609', 'PERUMNAS 2, GG.JT.6, NO.93, WAENA, JAYAPURA', 'HOTEL SAGAN, JL. KARTINI', 'SMA YPPK TERUNA BAKTI JAYAPURA', 'JAYAPURA', 4, 'M', 'Tidak ada', 'DARAH RENDAH', 'Tidak ada', 'Tidak vegetarian', 'Tidak', '2015-06-08 12:05:53', '2015-06-08 16:12:11'),
(40, '11150028', 37, 'NENCHE RENDA', 'Perempuan', 'PALANGI', '1997-09-22', 'O', 'Kristen', '081248467737', '081240605645', 'JLN.BUDI UTOMO LRG.SUMBER HARAPAN TIMIKA PAPUA', 'YOGYAKARTA', 'SMA NEGERI 1 MIMIKA', 'TIMIKA', 8, 'M', 'Tidak ada', 'Tidak ada', 'UDANG', 'Tidak vegetarian', 'Tidak', '2015-06-08 12:15:16', '2015-06-08 16:05:49'),
(41, '61150010', 18, 'YOHANIS WATERIRI', 'Laki-laki', 'DAWAI', '1996-06-08', 'B', 'Kristen', '081343400496', '081240487444', 'JL.FRANS KAISEPO SERUI -PAPUA', 'JL.KALIURANG KM 5', 'SMA NEGERI 1 SERUI', 'SERUI', 6, 'L', 'Tidak ada', 'Tidak ada', 'Tidak ada', 'Tidak vegetarian', 'Ya', '2015-06-08 12:17:17', '2015-07-03 15:00:36'),
(42, '11140080', 17, 'siprianus nahak', 'Laki-laki', 'ATAMBUA', '1990-03-18', 'O', 'Katholik', '082146076004', '081337730277', 'atambua ,Nusa Tenggara Timur', 'jl.Dr.Wahidin n0.26 B ', 'SMK N 2 ENDE', 'ENDE', 8, 'M', 'Tidak ada', 'PATAH KAKI', 'Tidak ada', 'Tidak vegetarian', 'Tidak', '2015-06-08 12:25:53', '2015-06-08 16:05:46'),
(43, '12150019', 13, 'Cindy Gloria Emping', 'Perempuan', 'Ambon', '1996-09-22', 'B', 'Kristen', '082398780396', '082248108066', 'Samofa,Biak-Papua', 'Penumping JT 3/39', 'SMA YPK 2', 'BIAK-PAPUA', 7, 'L', 'Tidak ada', 'Maag', 'Cumi', 'Tidak vegetarian', 'Ya', '2015-06-08 12:27:24', '2015-06-08 15:50:03'),
(44, '41150014', 4, 'SHEILLA DEWI SADARA WIDARJO', 'Perempuan', 'SEMARANG', '1996-06-12', 'B', 'Katholik', '081390723300', '081225667476', 'BATAN MIROTO iii/499 SEMARANG 50134', 'KLITREN LOR NO.46', 'SMA SEDES SAPIENTIAE SEMARANG', 'SEMARANG', 10, 'S', 'Tidak ada', 'Tidak ada', 'TIDAK ADA', 'Tidak vegetarian', 'Ya', '2015-06-08 12:28:24', '2015-06-08 16:00:41'),
(45, '41150021', 3, 'NI NENGAH AYU PETRA STEFFIASIH', 'Perempuan', 'DENPASAR', '1995-06-24', 'O', 'Hindu', '085738552226', '082144891366', 'JALAN JATAYU NO.1 BANJAR SANTHI KARYA UNGASAN, KUTA SELATAN, BADUNG, BALI', 'PERUMAHAN AYODHYA CITRA BLOK H14 TAJEM, DEPOK, SLEMAN', 'SMA NEGERI 1 KUTA SELATAN', 'BADUNG', 10, 'M', 'Tidak ada', 'Tidak ada', 'Tidak ada', 'Tidak vegetarian', 'Tidak', '2015-06-08 12:33:37', '2015-06-08 16:00:37'),
(46, '62150001', 24, 'VIORENTINO SANTOS', 'Laki-laki', 'PURWOKERTO', '1996-05-17', 'A', 'Katholik', '081392709513', '082133034376', 'PERUMAHAN CANDI INDAH BLOK N3 WEDOMARTANI, SLEMAN', 'PERUMAHAN CANDI INDAH BLOK N3 WEDOMARTANI, SLEMAN', 'SMA PANGUDI LUHUR YOGYAKARTA', 'YOGYAKARTA', 5, 'L', 'Tidak ada', 'Tidak ada', 'Tidak ada', 'Tidak vegetarian', 'Tidak', '2015-06-08 12:34:06', '2015-06-08 15:59:00'),
(47, '61140096', 25, 'OCTAVIO DE JESUS GUTERRES', 'Laki-laki', 'AILEU', '1992-10-01', 'B', 'Katholik', '082237795379', '+67077345271', 'Aileu Timor leste', 'jl.pugeran maguwohrjo no.2', 'kolese santo petrus dan santu paulus aileu', 'aileu Timor leste', 6, 'empty', 'Tidak ada', 'Tidak ada', 'Tidak ada', 'Tidak vegetarian', 'Ya', '2015-06-08 12:36:39', '2015-06-08 15:52:57'),
(48, '31140058', 15, 'ELISABET DEWI KRISTINA SILALAHI', 'Perempuan', 'Samarinda', '1996-02-02', 'O', 'Kristen', '081347676954', '081346321783', 'JL JELAWAT, SUMBER BANGUN, KUTAI BARAT, KALIMANTAN TIMUR', 'KLITREN LOR GK III/150 A', 'SMAN 1 SENDAWAR', 'SENDAWAR, KUTAI BARAT', 3, 'M', 'Tidak ada', 'MAAG', 'Tidak ada', 'Tidak vegetarian', 'Ya', '2015-06-08 12:41:03', '2015-07-03 11:34:33'),
(49, '31140060', 5, 'YESI KRISTIANA', 'Perempuan', 'JEPARA', '1995-10-11', '', 'Kristen', '085641576891', '087831224112', 'KELING RT 03/03 KEC.KELING-JEPARA-JAWA TENGAH', 'KLITREN LOR GK III RT 20/05 KLITREN-GONDOKUSUMAN-YOGYAKARTA', 'SMA MASEHI JEPARA', 'JEPARA', 3, 'empty', 'Tidak ada', 'MAAG,TIFUS', 'SEAFOOD', 'Tidak vegetarian', 'Ya', '2015-06-08 12:41:41', '2015-06-08 15:55:44'),
(50, '31140062', 18, 'MELDA WATI HARIANJA', 'Perempuan', 'Medan ', '1996-06-16', '', 'Katholik', '085275197945', '081264541434', 'Jln. Hidup aru no 43 Kramat jati Jakarta Timur RT 07 / 10', 'Klitren lor gk iii gondokusuman Yogyakarta', 'SMA SANTO ANTONIUS', 'JAKARTA TIMUR', 3, 'empty', 'Tidak ada', 'Tidak ada', 'Tidak ada', 'Tidak vegetarian', 'Ya', '2015-06-08 12:45:32', '2015-06-08 15:55:37'),
(51, '71150002', 35, 'FELIX EVAN SANTOSO', 'Laki-laki', 'PURWOREJO', '1997-06-03', 'O', 'Katholik', '089630780110', '081327093363', 'JL.K.H.A DAHLAN NO 38 PURWOREJO', 'JL PARANGTRITIS', 'SMA BRUDERAN PURWOREJO', 'PURWOREJO', 1, 'M', 'Tidak ada', 'ASMA\r\nMAAG', 'Tidak ada', 'Tidak vegetarian', 'Tidak', '2015-06-08 12:48:00', '2015-06-08 16:10:22'),
(52, '11150030', 31, 'BILLY ALBERTO NAULI', 'Laki-laki', 'MAGELANG', '1997-08-18', 'O', 'Katholik', '085733195504', '081553950981', 'PERUMAHAN PURI INDAH L-08 SIDOARJO', 'JL. TAMAN SISWA Gg. MERGANGSAN 731B YK', 'SMA Kr. PETRA 4 SIDOARJO', 'SIDOARJO', 8, 'L', 'Tidak ada', 'Tidak ada', 'Tidak ada', 'Tidak vegetarian', 'Ya', '2015-06-08 12:54:43', '2015-06-08 16:05:42'),
(53, '31150015', 39, 'ADITYA VIRANY MAMOTO', 'Perempuan', 'TATAHADENG', '1997-10-04', 'A', 'Kristen', '081315995604', '082348020252', 'KELURAHAN TATAHAHADENG, KECAMATAN SIAU TIMUR, KABUPATEN SITARO', 'LANGGEN SARI NO.19 KLITERN GONDOKUSUMAN YOGYAKARTA', 'SMA NEGERI 1 SIAU TIMUR', 'MANADO', 3, 'S', 'Tidak ada', 'Tidak ada', 'UDANG', 'Tidak vegetarian', 'Ya', '2015-06-08 13:06:16', '2015-06-08 15:55:30'),
(54, '11150029', 21, 'CHRISTI NASRIA PAPARANG', 'Perempuan', 'MANADO', '1998-04-29', 'O', 'Kristen', '085146235768', '081356905681', 'KELURAHAN AKESIMBEKA KECAMATAN SIAU TIMUR KABUPATEN SITARO', 'LANGEN SARI NO.19 KLITERN GONDOKUSUMAN YOGYAKARTA', 'SMA NEGERI 1 SIAU TIMUR', 'MANADO', 8, 'S', 'Tidak ada', 'Tidak ada', 'Tidak ada', 'Tidak vegetarian', 'Ya', '2015-06-08 13:07:48', '2015-06-08 16:05:38'),
(55, '11150031', 29, 'NI WAYAN IREN', 'Perempuan', 'KEMBANG MERTHA', '1998-11-24', 'AB', 'Hindu', '082138998347', '085341234849', 'KEMBANG MERTHA, KEC. MASAMA, KAB. BANGGAI', 'BAUSASRAN, DN 1008\r\nWISMA WIDYA', 'SMA NEGERI 3 LUWUK', 'LUWUK', 8, 'M', 'Tidak ada', 'Tidak ada', 'Tidak ada', 'Tidak vegetarian', 'Tidak', '2015-06-08 13:18:56', '2015-06-08 16:05:33'),
(60, '41150001', 23, 'ADRIAN EGA MAHARDIKA SUSANTO', 'Laki-laki', 'REMBANG', '1996-08-17', 'O', 'Kristen', '082139760088', '08164883456', 'SUMBERSARI RT/RW : 01/01 KEC. KRAGAN KAB. REMBANG', 'JL.JANTI POJOK PERUM THE GARDEN A5 BANTUL ', 'SMA BOPKRI 1 YOGYAKARTA', 'YOGYAKARTA', 10, 'XL', 'Tidak ada', 'Tidak ada', 'SEJENIS BURUNG PUYUH ', 'Tidak vegetarian', 'Ya', '2015-06-08 13:35:02', '2015-06-08 16:00:37'),
(61, '61140104', 30, 'ADE FERNANDES', 'Laki-laki', 'PEKANBARU', '1996-07-06', 'B', 'Kristen', '085374998933', '081378444944', 'JALAN HARAPAN NO.2A PEKANBARU', 'SAMIRONO BARU NO.37A YOGYAKARTA', 'SMK MUHAMMADIYAH 1 ', 'PEKANBARU', 6, 'L', 'PANAS MATAHARI', 'Tidak ada', 'Tidak ada', 'Tidak vegetarian', 'Ya', '2015-06-08 13:53:44', '2015-06-08 15:52:50'),
(62, '11140093', 39, 'ANUGERAH SEMBIRING', 'Laki-laki', 'KUBU COLIA', '1997-01-15', 'O', 'Kristen', '085225064249', '082368638057', 'DESA KUBU COLIA', 'JLN. BAUSASRAN', 'SMA SANTA MARIA KABAN JAHE', 'KABAN JAHE', 8, 'S', 'Tidak ada', 'Tidak ada', 'Tidak ada', 'Tidak vegetarian', 'Ya', '2015-06-09 09:42:57', '2015-06-09 15:40:02'),
(63, '61150012', 38, 'FABIANOS DOS SANTOS', 'Laki-laki', 'LOSPALOS', '1994-01-06', 'O', 'Katholik', '082144224437', '67077479337', 'TIMOR LESTE', 'KLITREN LOR GK 3 NO 273', 'STM LOSPALOS', 'LOSPALOS', 6, 'S', 'Tidak ada', 'Tidak ada', 'Tidak ada', 'Tidak vegetarian', 'Tidak', '2015-06-09 09:53:20', '2015-06-09 15:24:12'),
(64, '71150034', 8, 'Yoas Maasea', 'Laki-laki', 'Yogyakarta', '1995-02-12', 'O', 'Kristen', '08978451166', '085643876606', 'Gamping Sleman', 'Gamping, Sleman', 'SMA Pangudi Luhur Yogyakarta', 'Yogyakarta', 1, 'XL', 'Debu', 'Asma/Brokitis', 'Tidak ada', 'Tidak vegetarian', 'Ya', '2015-06-09 09:58:49', '2015-06-09 15:50:11'),
(65, '61150002', 10, 'debby indah kurniawati', 'Perempuan', 'dumai', '1996-09-18', 'B', 'Islam', '085640036455', '081268512225', 'gading sawahan ( rt 02 rw 07 ), belang wetan, klaten utara, klaten', '', 'sma padmawijaya klaten', 'klaten', 6, 'S', 'Tidak ada', 'Tidak ada', 'alergi udang', 'Tidak vegetarian', 'Ya', '2015-06-09 10:03:36', '2015-06-09 15:25:21'),
(66, '01150007', 28, 'rogethe indra kurniawan', 'Laki-laki', 'Kediri', '1997-06-15', '', 'Kristen', '085646839592', '085790629309', 'JL. GAruda NO 74B RT 66 RW 19 Semanding Kec. Pare Kab. Kediri Jawa Timur', '', 'SMA Negri 1 Kandangan', 'Kediri', 4, 'L', 'Tidak ada', 'Tidak ada', 'Tidak ada', 'Tidak vegetarian', 'Ya', '2015-06-09 10:08:19', '2015-06-09 15:53:42'),
(67, '11150012', 9, 'herdianto limbong', 'Laki-laki', 'soroako', '1997-08-27', '', 'Kristen', '085256959677', '082393898569', 'jl pattimura no 20 wawondula, luwu timur, sulawesi selatan', '', 'SMA YPS Soroako', 'Soroako', 8, 'L', 'Tidak ada', 'Tidak ada', 'Tidak ada', 'Tidak vegetarian', 'Ya', '2015-06-09 10:16:18', '2015-06-09 15:40:34'),
(68, '61150017', 36, 'Donatus Marcal Da Conceicao', 'Laki-laki', 'Sawarika,', '1994-04-29', 'O', 'Katholik', '082243428650', '00', 'lospalos', 'klitren lor gk 3 No 273', 'Ensino secundario Geral Nino konis Santana lospalos', 'LOSPALOS', 6, 'M', 'Tidak ada', 'Tidak ada', 'udang', 'Tidak vegetarian', 'Ya', '2015-06-09 10:17:14', '2015-07-03 15:22:35'),
(69, '12150004', 14, 'Natania Dessyandi Susanto', 'Perempuan', 'Jambi', '1996-12-30', 'A', 'Kristen', '089677772324', '089624665222', 'jl.barau-barau 2 no.51', 'jl.dr.wahidin no.60', 'SMK UNGGUL SAKTI', 'JAMBI', 7, 'XXXXL', 'Tidak ada', 'Tidak ada', 'Tidak ada', 'Tidak vegetarian', 'Tidak', '2015-06-09 10:23:05', '2015-07-03 15:05:31'),
(70, '71150027', 29, 'RAYMOND KURNIAWAN', 'Laki-laki', 'MAGELANG', '1997-03-31', 'A', 'Kristen', '085743407940', '085641180909', 'JALAN RAMA GANG SUBALI NO 1108,RT 6 RW 1,KELURAHAN PANJANG,MAGELANG', 'JALAN MARGOTIRTO UH V NO 223B', 'SMA TARAKANITA', 'MAGELANG', 1, 'XL', 'Tidak ada', 'Tidak ada', 'Tidak ada', 'Tidak vegetarian', 'Tidak', '2015-06-09 10:27:45', '2015-06-09 15:50:38'),
(71, '71150041', 21, 'Paskah Adi Pratama Tjokro', 'Laki-laki', 'Ambon', '1995-04-16', 'A', 'Kristen', '087845816856', '00', 'Jalan Krawangsari No.21\r\n02/XII Donan \r\nCilacap Tengah', '', 'YOS SUDARSO CILACAP', 'CILACAP', 1, 'XL', 'Tidak ada', 'Tidak ada', 'Tidak ada', 'Tidak vegetarian', 'Tidak', '2015-06-09 10:28:41', '2015-07-03 15:14:42'),
(72, '31150007', 22, 'YOLINDA MATULESSY', 'Perempuan', 'AMBON', '1997-08-07', 'O', 'Kristen', '085197078377', '085283708663', 'KRAMAT JAYA , AMBON', 'JL KRASAK TIMUR NO 18', 'SMA KRISTEN YPKPM AMBON', 'AMBON', 3, 'M', 'Tidak ada', 'Tidak ada', 'Tidak ada', 'Tidak vegetarian', 'Ya', '2015-06-09 10:31:38', '2015-06-09 15:37:39'),
(73, '71150018', 20, 'Yosafat Randy Nugrahatama Joedianto', 'Laki-laki', 'Yogyakarta', '1997-10-06', 'O', 'Katholik', '085878723030', '08157904309', 'Perumahan Candi Gebang Permai Blok Q-3', 'Perumahan Candi Gebang Permai Blok Q-3', 'Homeschooling Primagama', 'Yogyakarta', 1, 'M', 'Tidak ada', 'maag', 'Tidak ada', 'Tidak vegetarian', 'Tidak', '2015-06-09 10:51:29', '2015-07-08 12:07:58'),
(74, '41150015', 5, 'GLADYS BERNADA SANTOSO', 'Perempuan', 'TEGAL', '1997-02-12', 'A', 'Kristen', '08112737173', '081225879998', 'JALAN BELITUNG NOMOR 14A, NGEBRUSAN, PASAR LEGI, SURAKARTA. ', 'JALAN DOKTER WAHIDIN SUDIRO HUSODO NOMOR 60 (KOS)', 'SMA KRISTEN PELITA NUSANTARA KASIH ', 'SURAKARTA', 10, 'L', 'Tidak ada', 'Tidak ada', 'DAGING SAPI', 'Tidak vegetarian', 'Tidak', '2015-06-09 11:05:17', '2015-06-09 15:38:37'),
(75, '61150016', 8, 'Fransisca Febri Mangesti', 'Perempuan', 'Tangerang', '1997-02-02', 'B', 'Katholik', '081226543307', '081392705578', 'Jalan Kaliurang km 19,4 Dusun Jetisan Pakem', 'Jalan Kaliurang km 19,4 Dusun Jetisan Pakem', 'SMA N 1 Pakem', 'Yogyakarta', 6, 'S', 'Tidak ada', 'Tidak ada', 'Tidak ada', 'Tidak vegetarian', 'Ya', '2015-06-09 11:43:55', '2015-06-09 15:28:49'),
(76, '11150027', 2, 'MARSELA ZONGGONAU', 'Perempuan', 'NABIRE', '1997-05-20', 'O', 'Katholik', '082226899379', '081284934555', 'JALAN SUCI SIRIWINI.NABIRE.PAPUA', 'KLITRENLORD GKIII,NO 355', 'SMA SANTA MARIA YOGYAKARTA', 'YOGYAKARTA', 8, 'M', 'Tidak ada', 'Tidak ada', 'Tidak ada', 'Tidak vegetarian', 'Tidak', '2015-06-09 11:51:15', '2015-06-09 15:42:12'),
(77, '01150009', 18, 'NOVELOTZOAR. HAURISSA', 'Laki-laki', 'AMBON', '1997-11-05', 'B', 'Kristen', '082399252541', '081248666132', 'JALAN PULAU SUALWESI RT/RW 001/005 KELURAHAN KLABALA KOTA SORONG PAPUA BARAT', 'JALAN BABARSARI TAMBAKBAYAN 10/03 DESA CANTURTUNGGAL KECAMATAN KABUPATEN SLEMAN', 'SMA YPPK AGUSTINUS', 'SORONG', 4, 'M', 'Tidak ada', 'MAAG', 'Tidak ada', 'Tidak vegetarian', 'Ya', '2015-06-09 11:59:59', '2015-06-09 15:54:17'),
(78, '11150014', 13, 'ERRIE PRADINA WIJAYA', 'Laki-laki', 'TEGAL', '1997-01-27', 'A', 'Kristen', '087839506688', '081903732121', 'PERUM. MELATI PERMAI NO. A7 RT 17/4 SENDANG ADI, GONDANG WARAS SLEMAN', 'PERUM. MELATI PERMAI NO. A7 RT 17/4 SENDANG ADI, GONDANG WARAS SLEMAN', 'BOPKRI SATU', 'YOGYAKARTA', 8, 'M', 'Tidak ada', 'Tidak ada', 'UDANG', 'Tidak vegetarian', 'Ya', '2015-06-09 12:21:37', '2015-06-09 15:43:07'),
(79, '71150020', 4, 'Albertus Istora Pahala', 'Laki-laki', 'Bandung', '1997-03-31', 'B', 'Katholik', '085743746183', '085228761176', 'Rejowinangun RT19 RW 06 337C Kota Gede Yogyakarta', 'Rejowinangun RT19 RW 06 337C Kota Gede Yogyakarta', 'SMA N 1 Banguntapan', 'Bantul', 1, 'L', 'Tidak ada', 'Tidak ada', 'Tidak ada', 'Tidak vegetarian', 'Ya', '2015-06-09 12:24:04', '2015-06-09 15:52:01'),
(80, '12150011', 23, 'AVERINA MARIA YOSIANI', 'Perempuan', 'YOGYAKARTA', '1997-07-16', 'O', 'Kristen', '087851606745', '085727375772', 'JL. PAKEL BARU UTARA 18 YOGYAKARTA', 'JL. PERUMNAS BLOK A5B CONDONGSARI SETURAN DEPOK SLEMAN', 'SMA N 1 BANGUNTAPAN', 'BANTUL', 7, 'M', 'Tidak ada', 'SKOLIOSIS', 'Tidak ada', 'TIDAK ADA', 'Tidak', '2015-06-09 12:28:36', '2015-07-03 15:11:34'),
(81, '12150003', 19, 'REZA PERMANA PUTRA ', 'Laki-laki', 'balikpapan', '1997-06-26', 'O', 'Kristen', '087739316953', '085253729144', 'jalan samudera 14B Tuban Bali ', 'Jalan Maguwo gang merpati 5 nomor 440 B Banguntapan Bantul', 'Sma Bopkri Banguntapan Bantul', 'Bantul yogyakarta ', 7, 'XXL', 'Tidak ada', 'Tidak ada', 'Tidak ada', 'Tidak vegetarian', 'Tidak', '2015-06-09 13:14:03', '2015-06-09 15:21:25'),
(82, '72140045', 7, 'LORENSIA DWI MAWARTI', 'Perempuan', 'KEBUMEN', '1995-09-09', 'B', 'Katholik', '087837900153', '08172826067', 'GRENGGENG, RT02/RW09, KARANGANYAR, KEBUMEN', 'JL. SUPADI NO. 4, KOTABARU', 'SMA STELLA DUCE 1', 'YOGYAKARTA', 2, 'empty', 'Tidak ada', 'Tidak ada', 'Tidak ada', 'Tidak vegetarian', 'Tidak', '2015-06-09 13:39:12', '2015-06-09 15:47:08'),
(83, '72140047', 37, 'Christopher', 'Laki-laki', 'Bandung', '1996-02-07', 'O', 'Kristen', '087838686978', '089682618252', 'Jl. Kembar Timur raya no. 12', 'Perum Permata Hijau Ketawang no C4', 'Bhinneka Tunggal Ika Yogyakarta', 'Yogyakarta ', 2, 'empty', 'Tidak ada', 'Lutut', 'Tidak ada', 'Tidak vegetarian', 'Ya', '2015-06-09 13:42:13', '2015-06-09 15:47:37'),
(84, '72150022', 32, 'THEODORA MEGA NOVENA PRAYOGO', 'Perempuan', 'SOLO', '1997-06-30', 'B', 'Kristen', '085742391369', '081328193338', 'JL. RETNODUMILAH 20B REJOWINANGUN YOGYAKARTA', 'JL. RETNODUMILAH 20B REJOWINANGUN YOGYAKARTA', 'SMA SANTA MARIA YOGYAKARTA', 'YOGYAKARTA', 2, 'L', 'Tidak ada', 'Tidak ada', 'Tidak ada', 'Tidak vegetarian', 'Tidak', '2015-06-09 13:50:17', '2015-06-09 15:49:10'),
(85, '61150023', 1, 'ALDIAR FEBRIAN NUGROHO', 'Laki-laki', 'SURAKARTA', '1993-02-22', 'AB', 'Kristen', '081329281333', '00', 'PRAWIT RT002 RW 003 NUSUKAN BANJARSARI SURAKARTA', 'JL ASTER2 NO 19A POHRUBOH CONDONG CATUR DEPOK SLEMAN', 'SMK TEKNOSA', 'SURAKARTA', 6, 'L', 'Tidak ada', 'Tidak ada', 'UDANG', 'Tidak vegetarian', 'Tidak', '2015-06-09 14:02:26', '2015-06-09 15:27:00'),
(86, '11150033', 11, 'Lydia Paramitha', 'Perempuan', 'YOGYAKARTA', '1997-04-08', 'B', 'Kristen', '08970383116', '08121586503', 'Bumijo Lor Jt I / 1206 RT/RW : 26 / 6, Yogyakarta ', 'Bumijo Lor Jt I / 1206 RT/RW : 26 / 6, Yogyakarta ', 'SMA Pangudi Luhur', 'YOGYAKARTA', 8, 'S', 'Tidak ada', 'Tidak ada', 'Tidak ada', 'Tidak vegetarian', 'Ya', '2015-06-09 14:24:11', '2015-06-09 15:44:55'),
(88, '72140053', 26, 'Yeremia Satrio Sembodo', 'Laki-laki', 'Sleman', '1995-09-10', 'O', 'Kristen', '085643241551', '081328071304', 'Perumahan Sleman Permai 2 Blok E-14, Tlogoadi, Mlati, Sleman, Yogyakarta', 'Perumahan Sleman Permai 2 Blok E-14, Tlogoadi, Mlati, Sleman, Yogyakarta', 'SMAN 2 Sleman', 'Sleman, Yogyakarta', 2, 'empty', 'Tidak ada', 'Paru-Paru Basah', 'Tidak ada', 'Tidak vegetarian', 'Ya', '2015-06-09 14:58:38', '2015-07-03 11:40:39'),
(89, '71150043', 11, 'reno prasetya anggriawan', 'Laki-laki', 'singkawang', '1997-06-24', 'A', 'Katholik', '085245006788', '081256937474', 'jalan tvri gg.mandiri no 108 desa durian kab sambas provinsi kalimatan barat', 'kota baru jalan ngadikan no 1', 'sma negeri 2 sambas', 'sambas', 1, 'L', '-', '-', '-', '-', 'Ya', '2015-06-10 08:55:12', '2015-06-10 15:21:27'),
(90, '71150006', 7, 'Johan alda', 'Laki-laki', 'Wonosobo', '1998-01-07', 'B', 'Kristen', '085640123899', '081326773664', 'Muktisari No.5 Rt 03 Rw 07 Jaraksari Wonosobo', '', 'SMA NEGERI 1 Wonosobo', 'Wonosobo', 1, 'XXXXL', 'Tidak ada', 'Tidak ada', 'Tidak ada', 'Tidak vegetarian', 'Ya', '2015-06-10 09:26:20', '2015-06-10 15:21:20'),
(91, '31150006', 2, 'RADEN ADITYA WINDHITO AJI', 'Laki-laki', 'YOGYAKARTA', '1996-01-22', 'O', 'Islam', '081931734454', '0819889133', 'JL CANTEL BARU NO. 1 YOGYAKARTA', 'JL CANTEL BARU NO.1 YOGYAKARTA', 'SMAN 5 YOGYAKARTA', 'YOGYAKARTA', 3, 'M', 'SUHU DINGIN', 'Tidak ada', 'Tidak ada', 'Tidak vegetarian', 'Ya', '2015-06-10 10:01:32', '2015-06-10 15:15:45'),
(92, '72150023', 31, 'MAE LIVIA IVANA PURBA', 'Perempuan', 'BONTANG', '1997-05-07', 'O', 'Kristen', '081255405626', '085348028504', 'JL. APEL KERENG HUMBANG, KASONGAN, KAB. KATINGAN, KALIMANTAN TENGAH', '', 'SMAN 1 DUSUN SELATAN', 'BUNTOK KAB. BARITO SELATAN, KALIMANTAN TENGAH', 2, 'L', 'Tidak ada', 'Tidak ada', 'Tidak ada', 'Tidak vegetarian', 'Tidak', '2015-06-10 10:29:51', '2015-06-10 15:18:55'),
(93, '11140103', 27, 'BRILANT WILLIAM PURBA', 'Laki-laki', 'P.SIANTAR', '1995-11-09', 'AB', 'Kristen', '082277094270', '081370659077', 'Jl, Perjuangan komp Griya Setia Budi blok D No,5 Medan', 'jl. jembatan merah yogyakarta', 'SMA METHODIST 1', 'MEDAN', 8, 'M', 'Tidak ada', '', '', 'Tidak vegetarian', 'Ya', '2015-06-10 10:39:03', '2015-06-10 15:17:24'),
(94, '71150044', 33, 'SAMUEL EDDJANTO HARJONO', 'Laki-laki', 'MAGELANG', '1996-11-15', 'O', 'Kristen', '08999002971', '0816685563', 'JALAN RAYA GULON SALAM, MAGELANG', '', 'SMA KRISTEN BENTARA WACANA', 'MUNTILAN', 1, 'XXXL', 'Tidak ada', 'HYPERTENSI', 'IKAN AIR TAWAR', 'Tidak vegetarian', 'Ya', '2015-06-10 10:39:57', '2015-06-10 15:21:15'),
(95, '11140094', 35, 'ALBERTHUS EKO PRWANTO', 'Laki-laki', 'PALEMBANG', '1992-09-20', '', 'Katholik', '085693941993', '00', 'PALEMBANG', 'SAGAN', 'SMA XAVERIUS', 'PALEMBANG', 8, 'empty', 'Tidak ada', 'Tidak ada', 'Tidak ada', 'Tidak vegetarian', 'Tidak', '2015-06-10 10:45:08', '2015-06-10 15:17:30'),
(96, '31140059', 3, 'ELIZABETH ROOSEMMA FREDERIKA TACAZILY', 'Perempuan', 'BANJARMASIN', '1996-05-26', 'O', 'Kristen', '085257676766', '081332373123', 'GRIYA KENARI MAS H2/8 CILEUNGSI, BOGOR', 'KLITREN LOR GK III', 'SMAK SANTO PAULUS JEMBER', 'JEMBER', 3, 'empty', 'Tidak ada', 'MAAG ', 'Tidak ada', 'Tidak vegetarian', 'Ya', '2015-06-10 10:45:51', '2015-06-10 15:15:40'),
(97, '61140099', 13, 'ELLEONORA EMILIE CURIE TOGATOROP', 'Perempuan', 'PADANGSIDIMPUAN', '1996-07-11', 'B', 'Kristen', '082160215796', '08197476217', 'JALAN SISINGAMANGARAJA NO.133 PADANGSIDIMPUAN SUMATRA UTARA', 'KLITREN LOR', 'SMAN 1 PLUS MATAULI PANDAN', 'PANDAN', 6, 'empty', 'Tidak ada', 'Tidak ada', 'Tidak ada', 'Tidak vegetarian', 'Ya', '2015-06-10 12:17:52', '2015-06-10 15:13:56'),
(98, '01150012', 21, 'SINTA ROHANA EDWIN', 'Perempuan', 'JOMBANG', '1997-11-09', 'B', 'Kristen', '085706648207', '081556622834', 'DUSUN MOJOROTO, DESA MOJOWANGI, KECAMATAN MOJOWARNO, KABUPATEN JOMBANG, JAWA TIMUR, 61475', 'ASRAMA UKDW', 'SMAN BARENG', 'JALAN SOEKARNO-HATTA, KECAMATAN BARENG, KABUPATEN JOMBANG (61475)', 4, 'M', 'Tidak ada', 'Tidak ada', 'SEAFOOD, TELUR', '-', 'Ya', '2015-06-10 12:33:13', '2015-06-10 15:21:49'),
(99, '61150015', 26, 'Hendryanto Herman Tarapanjang', 'Laki-laki', 'Waingapu', '1998-03-15', 'A', 'Kristen', '082359566569', '085253935479', 'Jl. Perdamaian, Waingapu-Sumba Timur', 'Jl. Cantel 661A- Baciro, Yogyakarta', 'SMK Negeri 1 Waingapu', 'Waingapu/ Sumba Timur', 6, 'L', 'Tidak ada', 'Tidak ada', 'tidak ada', 'Tidak vegetarian', 'Tidak', '2015-06-10 13:12:48', '2015-06-10 15:14:02'),
(100, '72150024', 22, 'aldits robert sondang', 'Laki-laki', 'tomohon', '2005-08-13', 'O', 'Kristen', '085340627433', '082349241113', ' desa tateli jl.raya tanawangko Manado. sulawesi utara ', 'jl.Brigjen Ktamaso no.148 yogyakarta', 'SMA Kristen 2 Tomohon', 'Tomohon sulawesi utara', 2, 'M', 'Tidak ada', 'Tidak ada', 'Tidak ada', 'Tidak vegetarian', 'Tidak', '2015-06-10 13:25:39', '2015-06-10 15:18:49'),
(101, '61150013', 6, 'welzandy revaldo lahura', 'Laki-laki', 'tobelo', '1995-07-03', 'A', 'Kristen', '085340080300', '085256013030', 'gamsungi jalan sinsia dusun 2 halmahera utara', 'nologaten', 'SMA NEGERI 1 TOBELO', 'tobelo maluku utara', 6, 'L', 'Tidak ada', 'Tidak ada', 'Tidak ada', 'Tidak vegetarian', 'Tidak', '2015-06-10 13:47:18', '2015-06-10 15:14:09'),
(102, '1115001', 5, 'Raka Ravelino', 'Laki-laki', 'Jakarta', '1996-12-21', 'B', 'Kristen', '089680285572', '08568570060', 'Jln. Prawirotaman 4 No. 792 MG 3', 'Jln. Prawirotaman 4 No. 792 MG 3', 'SMA Pangudi Luhur', 'YOGYAKARTA', 8, 'XL', 'Tidak ada', 'Tidak ada', 'Tidak ada', 'Tidak vegetarian', 'Ya', '2015-06-10 14:43:49', '2015-06-10 15:17:47'),
(103, '31150018', 20, 'MERRYATI ZEGA', 'Perempuan', 'BOUSO', '1997-03-18', 'O', 'Kristen', '081325075460', '081265409525', 'GUNUNG SITOLI, NIAS, SUMUT', 'SIDOMULYO, TR IV/285/BENER, TEGALREJO', 'SMK BOPKRI WATES', 'GUNUNG KIDUL', 3, 'M', 'Tidak ada', 'Tidak ada', 'Tidak ada', 'Tidak vegetarian', 'Tidak', '2015-06-11 08:51:14', '2015-06-11 15:18:05'),
(104, '61150025', 17, 'EGONEOS YALI WAKALU', 'Laki-laki', 'PATI', '1995-10-14', 'A', 'Kristen', '085741460265', '081390552091', 'Ds.GLONGGONG Kec.JAKENAN Kab.PATI', 'BELUM ADA', 'SMK BHINA TUNAS BHAKTI', 'JUWANA', 6, 'XL', 'Tidak ada', 'Tidak ada', 'Tidak ada', 'Tidak vegetarian', 'Tidak', '2015-06-11 09:11:40', '2015-06-11 15:15:37'),
(105, '71150031', 13, 'YOSIAS EVAN ARDIAN', 'Laki-laki', 'Bantul', '1997-04-13', 'O', 'Katholik', '085385004900', '08122965403', 'Jalan S Parman 1B Bantul Warung 55711', 'Jalan S Parman 1B Bantul Warung 55711', 'SMA STELLA DUCE BANTUL', 'Bantul Yogyakarta', 1, 'XL', 'Tidak ada', 'Tidak ada', 'Tidak ada', 'Tidak vegetarian', 'Ya', '2015-06-11 09:30:26', '2015-06-11 15:33:38'),
(106, '01150013', 16, 'EKA PUTRI CAHYA MINANTI', 'Perempuan', 'Lumajang', '1996-07-29', '', 'Kristen', '082312331347', '085234081345', 'Tempursari,RT;03, RW;05, Lumajang,jawa timur.', '', 'SMAK YBPK TEMPURSARI-Lumajang.', 'Tempursari, Lumajang.', 4, 'S', 'Tidak ada', 'Tidak ada', 'Tidak ada', 'Tidak vegetarian', 'Ya', '2015-06-11 09:47:15', '2015-06-11 15:35:03'),
(107, '11140097', 14, 'GITA MARISA BR SINAMBELA', 'Perempuan', 'MEDAN', '1996-03-07', 'B', 'Kristen', '087748488585', '082168045462', 'MEDAN', 'JL.PENGOK BLOK H', 'SMA SANTAMARIA', 'KABAN JAHE', 8, 'empty', 'DEBU', 'ASMA', 'Tidak ada', 'Tidak vegetarian', 'Ya', '2015-06-11 09:59:11', '2015-06-12 13:41:59'),
(108, '72150025', 39, 'NATALIA GABRIEL', 'Perempuan', 'NABIRE', '1998-01-05', 'O', 'Katholik', '081240922860', '08124854071', 'JALAN AMPERA', 'JALAN JALAK MANCASAN LOR', 'SMK NEGERI 1 NABIRE', 'NABIRE', 2, 'S', 'Tidak ada', 'Tidak ada', 'SEAFOOD', 'Tidak vegetarian', 'Tidak', '2015-06-11 10:04:34', '2015-06-11 15:29:49'),
(109, '72150026', 35, 'RENTY RETTOB', 'Perempuan', 'RANTEPAO', '1998-03-06', '', 'Katholik', '085244631791', '082112509889', 'JL.MANDALA \r\n', 'JL.JALAK MANCASAN LOR', 'SMK NEGERI 1 NABIRE', 'NABIRE PAPUA', 2, 'S', 'Tidak ada', 'Tidak ada', 'Tidak ada', '-', 'Ya', '2015-06-11 10:07:06', '2015-06-11 15:30:23'),
(110, '72150027', 19, 'DWIKI KRISTYANTO AJI', 'Laki-laki', 'KEBUMEN', '1997-03-11', 'O', 'Kristen', '082137309537', '081228885501', 'BANYUMUDAL, RT 2 RW 1, BUAYAN KEBUMEN', '', 'SMAN 1 GOMBONG', 'GOMBONG', 2, 'L', 'Tidak ada', 'PATAH TULANG TANGAN', 'Tidak ada', 'Tidak vegetarian', 'Ya', '2015-06-11 10:14:03', '2015-06-11 15:30:52'),
(111, '11150020', 18, 'GEYBERTUS ARJUNA BUTAR BUTAR', 'Laki-laki', 'KLATEN', '1997-03-28', 'B', 'Kristen', '082199114124', '081344025808', 'BUCEND IV K-216 KOTARAJA', 'PAPRINGAN', 'SMA NEGERI 4 JAYAPURA', 'ENTROP', 8, 'L', 'ALERGI ANGIN', 'Tidak ada', 'Tidak ada', 'Tidak vegetariaN', 'Ya', '2015-06-11 10:20:57', '2015-06-11 15:22:17'),
(112, '11150034', 25, 'ELTON BADELWAIR', 'Laki-laki', 'JAYAPURA', '1997-10-01', 'O', 'Kristen', '081248039233', '081344250716', 'BUCEND VII ENTROP', 'KLITREN', 'SMA NEGERI 4 JAYAPURA', 'JAYAPURA', 8, 'L', 'Tidak ada', 'Tidak ada', 'Tidak ada', 'Tidak vegetarian', 'Tidak', '2015-06-11 10:21:26', '2015-06-11 15:23:00'),
(113, '61150027', 14, 'GREGORIUS RAIFAN DUS PRATAMA', 'Laki-laki', 'KUPANG', '1997-05-20', 'A', 'Katholik', '082340385859', '085237932233', 'KM3, WAIKABUBAK, SUMBA BARAT, NUSA TENGGARA TIMUR', 'PAINGAN, MAGUWOHARJO, SLEMAN, YOGYAKARTA', 'SMA NEGERI 1 WAIKABUBAK', 'WAIKABUBAK', 6, 'M', 'Tidak ada', 'Tidak ada', 'Tidak ada', 'Tidak vegetarian', 'Ya', '2015-06-11 10:58:54', '2015-06-11 15:16:38'),
(114, '31150019', 36, 'Albertus Ryanto Martoyo', 'Laki-laki', 'Kimaam', '1997-05-18', 'O', 'Katholik', '085254857904', '081248509701', 'Debut, Kei kecil Maluku Tenggara', 'Onggobayan No 101 B, Ngestiharjo, Kasihan, Bantul, Yogyakarta', 'SMA Sanata Karya Langgur', 'Tual maluku tenggara', 3, 'M', 'Debu (pakai masker)', 'Tidak ada', 'Tidak ada', 'Tidak vegetarian', 'Ya', '2015-06-11 11:11:19', '2015-06-11 15:18:52'),
(115, '12140062', 1, 'erick edgar kaloko', 'Laki-laki', 'sidikalang', '1996-03-12', '', 'Kristen', '081360284312', '082272761321', 'sidikalang', 'klitren', 'SMA NEGERI 1 Sidikalang', 'SIDIKALANG', 7, 'empty', 'Tidak ada', 'Tidak ada', 'Tidak ada', 'Tidak vegetarian', 'Tidak', '2015-06-11 11:19:06', '2015-06-11 15:07:44'),
(116, '12150024', 26, 'Marion Noni. Bosawer', 'Perempuan', 'JAYAPURA', '1998-02-28', 'A', 'Kristen', '082210405260', '0', 'S.T Rumbewas Serui', 'Jakal km 6,2', 'SMA NEGERI 1 SERUI', 'SERUI', 7, 'L', 'Tidak ada', 'Tidak ada', 'Tidak ada', 'Tidak vegetarian', 'Tidak', '2015-06-11 11:23:39', '2015-06-11 15:08:54'),
(118, '11140081', 24, 'imanuel nainggolan', 'Laki-laki', 'MEDAN', '1991-10-12', 'B', 'Kristen', '081277797705', '085356616002', 'JLN.WONOSARI KM 8 PERUM GRIYA MUTIARA C12 YOGYAKARTA', 'JLN.WONOSARI KM 8 PERUM GRIYA MUTIARA C12YOGYAKARTA\r\n', 'SMA N 12 PEKANBARU', 'PEKANBARU', 8, 'empty', 'Tidak ada', 'Tidak ada', 'Tidak ada', 'Tidak vegetarian', 'Tidak', '2015-06-11 11:56:56', '2015-06-11 15:23:36'),
(119, '12150025', 7, 'VINCENCIUS HARLI BIMA SANJAYA', 'Laki-laki', 'SORONG', '1997-10-27', 'A', 'Katholik', '082399546112', '0811486966', 'KOMP.HARAPAN INDAH', 'YOGYAKARTA', 'SMA NEGERI 2 SORONG', 'SORONG', 7, 'L', 'Tidak ada', 'Tidak ada', 'Tidak ada', 'Tidak vegetarian', 'Tidak', '2015-06-11 12:00:51', '2015-07-03 14:56:43'),
(120, '72150005', 15, 'ASWIN WAHYUDI', 'Laki-laki', 'SURAKARTA', '1997-08-31', 'B', 'Kristen', '089647530570', '08156703011', 'JL. BABAR LAYAR NO 27 RT. 01 RW. 15', 'JOGJAKARTA', 'SMA KRISTEN KALAM KUDUS', 'SOLO', 2, 'M', 'Tidak ada', 'Tidak ada', 'UDANG', 'Tidak vegetarian', 'Ya', '2015-06-11 12:09:34', '2015-06-11 15:31:27'),
(121, '72150012', 9, 'Krisnanda Eka Satyaputra', 'Laki-laki', 'Sukoharjo', '1997-03-10', 'A', 'Kristen', '089674449360', '08122680288', 'Jl. Gading Permai Raya Perum Gading Permi sektor 5 AA-22,Grogol, Sukoharjo', '', 'SMA Kristen Kalam Kudus', 'Solo', 2, 'XL', 'Tidak ada', 'Tidak ada', 'Tidak ada', 'Tidak vegetarian', 'Ya', '2015-06-11 12:09:55', '2015-07-03 11:23:22'),
(122, '11150016', 12, 'Otniel Felix Yuwono Ichsandi', 'Laki-laki', 'Bandung', '1996-05-03', 'O', 'Kristen', '081357966112', '08119606990', 'jl. ronggolawe no 64 Tuban', 'jl. hos cokroaminoto no.130', 'SMK Mater Amabilis', 'Surabya', 8, 'S', 'Tidak ada', 'Tidak ada', 'Tidak ada', 'Tidak vegetarian', 'Tidak', '2015-06-11 12:17:12', '2015-06-11 15:24:09'),
(123, '12150009', 37, 'Dina Hartono', 'Perempuan', 'MAGELANG', '1997-02-12', 'O', 'Kristen', '085600005138', '085228624405', 'Jalan Pemuda 43 Muntilan', 'Klitren', 'SMA Bentara Wacana', 'Muntilan', 7, 'S', 'Tidak ada', 'Maag, pusing', 'Udang', 'Tidak vegetarian', 'Tidak', '2015-06-11 12:27:51', '2015-06-11 15:13:15'),
(125, '71150001', 19, 'PATRICIA SHERLY MELIANA', 'Perempuan', 'YOGYAKARTA', '1997-09-02', 'O', 'Kristen', '087838192111', '087739095753', 'JL. BESKALAN GM 1/446', 'JL. BESKALAN GM 1/446', 'SMA BOPKRI 1 YOGYAKARTA', 'YOGYAKARTA', 1, 'L', 'Tidak ada', 'Tidak ada', 'Tidak ada', 'Tidak vegetarian', 'Tidak', '2015-06-11 12:34:27', '2015-06-11 15:34:01'),
(126, '41150004', 34, 'Alvin Kurniawan', 'Laki-laki', 'YOGYAKARTA', '1996-10-01', 'A', 'Katholik', '087839857799', '081328231700', 'Griya Arga Permai Jl.Semeru L No 3', 'Griya Arga Permai Jl.Semeru L No 3', 'SMA Kolese De britto ', 'Sleman ', 10, 'XL', 'Tidak ada', 'Tidak ada', 'Tidak ada', 'Tidak vegetarian', 'Tidak', '2015-06-11 12:44:23', '2015-06-11 15:19:42'),
(127, '11150035', 38, 'MASLOW JOSUA NADEAK', 'Laki-laki', 'Abepura', '1997-08-07', 'A', 'Kristen', '081240592400', '081316721240', 'Perumnas IV Blok H:33,Jayapura', 'yogya', 'SMA NEGERI 1 JAYAPURA', 'ABEPURA', 8, 'XXXL', 'Tidak ada', 'Tidak ada', 'Tidak ada', 'Tidak vegetarian', 'Tidak', '2015-06-11 13:02:34', '2015-06-11 15:24:51'),
(129, '71150046', 36, 'KEVIN GIOVANNI', 'Laki-laki', 'JAKARTA', '1997-11-29', 'B', 'Katholik', '087838907726', '087886081010', 'KP UTAN BAHAGIA RT 003/ RW 009, CENGKARENG TIMUR, CENGKARENG, JAKARTA BARAT.', 'PANDOWO GRIYA KENCANA NO 2, JL. GRIYA TAMAN ASRI, BERKISAN, PANDOWOHARJO, SLEMAN, YOGYAKARTA.', 'SMA KOLESE DE BRITTO', 'YOGYAKARTA', 1, 'M', 'Tidak ada', 'Sinusitis, Jantung lemah (jangan dikagetin)', 'SIRSAK', 'Tidak vegetarian', 'Tidak', '2015-06-11 13:06:00', '2015-07-03 15:15:51'),
(130, '11150007', 23, 'Yohanes Kurniawan', 'Laki-laki', 'Kudus', '1996-11-19', 'O', 'Katholik', '087731002419', '081326089818', 'Jalan Kutilang no 47, kudus', 'Kliteren Lor gk 3', 'Sma Kanisius Kudus', 'Kudus', 8, 'L', 'Tidak ada', 'Maag', 'Tidak ada', 'Tidak vegetarian', 'Tidak', '2015-06-11 13:14:21', '2015-06-11 15:27:27'),
(131, '72150001', 28, 'BRENDA NATASHA WIJAYA PINEM', 'Perempuan', 'CIREBON', '1996-12-03', '', 'Kristen', '085729479639', '08122955748', 'JL. PEMANCAR TIMUR NO.43 PRUM DEPPEN, SETURAN, SLEMAN, YOGYAKARTA', 'JL. PEMANCAR TIMUR NO.43 PRUM DEPPEN, SETURAN, SLEMAN, YOGYAKARTA', 'SMA BOPKRI 1 YOGYAKARTA', 'YOGYAKARTA', 2, 'S', 'Tidak ada', 'Tidak ada', 'Tidak ada', 'Tidak vegetarian', 'Ya', '2015-06-11 13:14:54', '2015-06-11 15:32:37'),
(132, '11150037', 30, 'Dicky Yapto Kusumo', 'Laki-laki', 'Pontianak', '1996-12-17', '', 'Katholik', '08996858449', '085245127070', 'pontianak,serdam komp nilam ppermai A14', 'Sleman,palagan tentara pelajar.perumahan pesona anindya no C4', 'SMA GEMBALA BAIK PONTIANAK', 'PONTIANAK,KALIMANTAN BARAT', 8, 'S', 'Tidak ada', 'pasca operasi usus buntu', 'Tidak ada', 'Tidak vegetarian', 'Ya', '2015-06-11 13:37:52', '2015-06-12 13:35:01'),
(133, '01150014', 4, 'STEFHANNY WIHELDA SUCIPTO', 'Perempuan', 'JAKARTA', '1997-05-19', 'O', 'Kristen', '081330410371', '081332079048', 'PERUMAHAN GRIYA PERMATA MERI D4-34', '', 'SMAN 1 SOOKO', 'MOJOKERTO', 4, 'S', 'DEBU', 'PERNAH PATAH TULANG BAGIAN TANGAN KANAN', 'Tidak ada', 'Tidak vegetarian', 'Ya', '2015-06-11 13:53:47', '2015-06-11 15:35:26'),
(134, '12150026', 6, 'Shianny Simadhinata', 'Perempuan', 'JAKARTA', '1997-10-31', 'B', 'Kristen', '08176700120', '081806095086', 'Jl. Gardu no. 1, Kosambi Barat-Tangerang', 'Yogyakarta', 'SMK ARIYA METTA', 'TANGERANG', 7, 'S', 'Tidak ada', 'Tidak ada', 'Tidak ada', 'Tidak vegetarian', 'Tidak', '2015-06-12 09:06:45', '2015-06-12 15:46:00'),
(135, '11150017', 8, 'JORDI KRISTIAN JATI', 'Laki-laki', 'KULON PROGO', '1996-06-12', 'O', 'Kristen', '085743418899', '08157963758', 'SIDOREJO GLAGAH TEMON KULON PROGO', 'JOGJA KARTA', 'SMA 1 TEMON', 'KULON PROGO', 8, 'XXXXL', 'Tidak ada', '', 'Tidak ada', 'Tidak vegetarian', 'Tidak', '2015-06-12 09:15:15', '2015-06-16 12:34:04'),
(136, '72150014', 4, 'EDWARD RAYNOLD THENU', 'Laki-laki', 'PALU', '1997-12-31', 'O', 'Kristen', '082191935334', '081354217963', 'Jl. Citarum No. 36 - 38 Semarang', 'Jl. Kenari No. 7, Miliran Yogjakarta', 'SMK TRIATMA JAYA SEMARANG', 'SEMARANG', 2, 'M', 'Tidak ada', 'Tidak ada', 'Tidak ada', 'Tidak vegetarian', 'Ya', '2015-06-12 09:20:12', '2015-06-12 16:01:07'),
(137, '11150038', 16, 'Ernandy Magat', 'Laki-laki', 'Palangkaraya', '1997-02-18', 'B', 'Kristen', '081350062007', '081349170459', 'jl.rajawali 7 n0.65', 'yogyakarta', 'SMA NEGERI 2PALANGKARAYA', 'Palangkaraya', 8, 'M', 'Tidak ada', 'Tidak ada', 'Tidak ada', 'Tidak vegetarian', 'Tidak', '2015-06-12 09:44:48', '2015-06-12 15:58:29'),
(138, '71150019', 32, 'frendy andrius', 'Laki-laki', 'temanggung ', '1997-05-27', 'A', 'Kristen', '082220386173', '081392920075', 'jl.wonosobo no 230 parakan temnggung', 'jl.prof herman yohanes no 108', 'bopkri satu yogyakarta', 'yogyakarta', 1, 'M', 'Tidak ada', 'Tidak ada', 'Tidak ada', 'Tidak vegetarian', 'Tidak', '2015-06-12 09:47:24', '2015-06-12 16:01:46'),
(139, '31150012', 25, 'Monica Ayuning Wardani', 'Perempuan', 'Kuala Tungkal', '1997-05-22', 'A', 'Katholik', '082323235969', '081366384115', 'Jalan Wijaya Kusuma, Sungai Nibung, Tungkal Ilir, Tanjung Jabung Barat, Jambi', 'Yogyakarta', 'SMA Santa Maria ', 'Yogyakarta', 3, 'M', 'Tidak ada', 'Migraine', 'Tidak ada', 'Tidak vegetarian', 'Tidak', '2015-06-12 11:19:24', '2015-06-12 15:55:36'),
(140, '71150045', 22, 'Calvin Adiwinata', 'Laki-laki', 'Jakarta', '1997-01-20', 'B', 'Kristen', '089667442340', '089654062255', 'Jakarta, muara karang blok D 8 timur no 60', 'Jl. Prof Dr.Herman Yohanes Sagan GK V/1021 RT 41/ RW 09', 'Cahaya Kudus', 'Jakarta', 1, 'S', 'Tidak ada', 'Tidak ada', 'Tidak ada', 'Tidak vegetarian', 'Ya', '2015-06-12 11:20:21', '2015-06-12 16:02:24'),
(141, '61150008', 5, 'Yesaya Adnavian', 'Laki-laki', 'Salatiga ', '1997-09-09', 'O', 'Kristen', '085799902381', '087834599191', 'Perum Tegalrejo Permai XII RT 5 RW 9 no 114 Salatiga', 'Perum Kenari Asri B 08 Sukoharjo Ngaglik Sukoharjo Jogjakarta', 'SMA Kristen Satya Wacana Salatiga', 'Salatiga', 6, 'M', 'Tidak ada', 'Tidak ada', 'Tidak ada', 'Tidak vegetarian', 'Ya', '2015-06-12 11:26:21', '2015-06-12 15:51:25'),
(142, '71150047', 37, 'JOSHUA HAREFA', 'Laki-laki', 'Tanjung Selor', '1997-01-08', 'B', 'Kristen', '082255148457', '081350060058', 'jalan langsat no.25, Tanjung selor, Kalimantan Utara', '', 'SMA NEGERI 1 TANJUNG SELOR', 'TANJUNG SELOR', 1, 'S', 'debu', 'Tidak ada', 'Tidak ada', 'Tidak vegetarian', 'Tidak', '2015-06-12 11:33:05', '2015-06-12 16:02:50'),
(143, '11150036', 3, 'YOSEF DAVIN COLIN ALDO PRATAMA', 'Laki-laki', 'YOGYAKARTA', '1995-05-01', 'O', 'Katholik', '089683695664', '087838952904', 'Gg.Pringgodani trembuku no.2 mrican ', 'Gg.Pringgodani trembuku no.2 mrican ', 'Wijaya kusuma', 'jogjakarta', 8, 'L', 'Tidak ada', 'Tidak ada', 'Tidak ada', 'Tidak vegetarian', 'Tidak', '2015-06-12 11:33:37', '2015-06-12 15:59:01'),
(144, '72150028', 30, 'Kristina Yolanda', 'Perempuan', 'Bandung', '1997-05-08', 'O', 'Katholik', '089655924748', '081227032778', 'Jalan Pasirkaliki Dalam No.51A/65, Bandung', '', 'SMA Santa Angela', 'Bandung', 2, 'S', 'Tidak ada', 'Tidak ada', 'Tidak ada', 'Tidak vegetarian', 'Tidak', '2015-06-12 11:38:11', '2015-06-12 16:00:38'),
(145, '12150013', 15, 'Sherly Oktavia Purnomo', 'Perempuan', 'Magelang', '1997-10-15', 'B', 'Kristen', '089666126268', '085725763639', 'Jalan Medang Toba III-39', 'Yogyakarta', 'SMA Tarakanita', 'Magelang', 7, 'L', 'Tidak ada', 'Tidak ada', 'Tidak ada', 'Tidak vegetarian', 'Tidak', '2015-06-12 11:46:13', '2015-06-12 15:47:27');
INSERT INTO `pesertas` (`id`, `nim`, `idkelompok`, `nama`, `jenis_kelamin`, `tempat_lahir`, `tanggal_lahir`, `golongan_darah`, `agama`, `nomor_telpon`, `nomor_orangtua`, `alamat_asal`, `alamat_jogja`, `asal_sekolah`, `kota_asal_sekolah`, `idprodi`, `ukuran_almamater`, `alergi`, `penyakit_diderita`, `alergi_makanan`, `vegetarian`, `tonti`, `created`, `modified`) VALUES
(146, '11150003', 34, 'Yohana Charisya Alethea Adi', 'Perempuan', 'Tegal', '1997-06-03', 'B', 'Kristen', '085870385345', '0817289700', 'JL. Kakap no.4 Tegal\r\nRT 005/ RW 010 ', 'JL. Dr. Wahidin no. 60 Yogya', 'SMA PIUS Tegal', 'Tegal', 8, 'S', 'Tidak ada', 'Tidak ada', 'Tidak ada', 'Tidak vegetarian', 'Tidak', '2015-06-12 11:47:27', '2015-06-12 15:59:35'),
(147, '62140016', 31, 'Maria Graciella Subekti', 'Perempuan', 'Yogyakarta', '1996-06-23', 'AB', 'Kristen', '08995498442', '0816687936', 'Jl. Tunggorono no 5, mrican, yogyakarta', 'Jl. Tunggorono no 5, mrican, yogyakarta', 'SMA Stella Duce 1', 'Yogyakarta', 5, 'empty', 'Tidak ada', 'Tidak ada', 'Tidak ada', 'Tidak vegetarian', 'Tidak', '2015-06-12 11:50:06', '2015-06-12 15:56:43'),
(148, '12150008', 18, 'YumiLia Bida Wila Rohi', 'Perempuan', 'NTT Sumba Timur', '1997-08-24', 'B', 'Kristen', '085326304008', '0852575656181', 'Waingapu Sumba Timur', 'Yogyakarta', 'BOPKRI 2', 'BOPKRI 2', 7, 'S', 'Tidak ada', 'Tidak ada', 'Tidak ada', 'TIDAK VEGETARIAN', 'Tidak', '2015-06-12 11:56:15', '2015-06-12 15:48:48'),
(149, '12150018', 24, 'Ida Nurmayasari', 'Perempuan', 'Riau', '1996-09-30', 'A', 'Kristen', '085267870651', '082376341160', 'Desa Beji Mulyo, kec. Tungkal Jaya Kab. Musi Banyuasin', 'Warung makan "MIROSO" Klitren Lor', 'XAVERIUS 2 ', 'PALEMBANG', 7, 'L', 'Tidak ada', 'Tidak ada', 'Udang', 'Tidak vegetarian', 'Tidak', '2015-06-12 11:57:22', '2015-06-12 15:49:23'),
(150, '01150016', 17, 'RUTH IVORY DEWI SULISTYANINGTYAS', 'Perempuan', 'SURAKARTA', '1997-07-01', 'AB', 'Kristen', '085725308180', '08164238260', 'JL. KEPODANG I NO 10 KERTEN RT 2 RW 1 LAWEYAN SURAKARTA', '', 'SMAN 7 SURAKARTA', 'SURAKARTA', 4, 'S', 'DINGIN', 'Tidak ada', 'Tidak ada', 'Tidak vegetarian', 'Tidak', '2015-06-12 12:59:46', '2015-06-12 16:03:34'),
(151, '61150030', 39, 'LAURENTIUS BRAHMACARYA NUGRAHA SWARNAM', 'Laki-laki', 'Yogyakarta', '1997-08-12', 'A', 'Katholik', '085743362559', '0856433890007', 'JL.TANTULAR SELATAN NO 423', 'JL.TANTULAR SELATAN NO 423', 'SMA BOPKRI 2 YOGYAKARTA', 'YOGYAKARTA', 6, 'XL', 'TIDAK ADA', 'TIDAK ADA', 'TIDAK ADA', 'TIDAK VEGETARIAN', 'Ya', '2015-06-12 13:16:57', '2015-06-12 15:52:18'),
(152, '61150031', 28, 'rocky khen john wutoy', 'Laki-laki', 'timika', '1998-01-17', 'O', 'Kristen', '081240708830', '081344311236', 'polimak 4', 'jalan kalirang km 5.5', 'SMA NEGERI 1 JAYAPURA', 'JAYAPURA', 6, 'L', 'Tidak ada', 'Tidak ada', 'Tidak ada', 'Tidak vegetarian', 'Tidak', '2015-06-12 14:48:58', '2015-06-12 15:54:30'),
(153, '12150016', 2, 'Filipus Andrey Prima Petersy', 'Laki-laki', 'Yogyakarta', '1997-02-21', 'B', 'Katholik', '08984388558', '085268612071', 'Jalan kartini kalirejo, Lampung tengah', 'Joyonegaran MG2 850', 'SMA Xaverius Pringsewu', 'Lampung', 7, 'M', 'Tidak ada', 'Tidak ada', 'Tidak ada', 'Tidak vegetarian', 'Tidak', '2015-06-12 15:12:44', '2015-06-12 15:49:52'),
(154, '01150017', 29, 'GIDEON PANDU PERDANA', 'Laki-laki', 'LUMAJANG', '1997-04-04', 'A', 'Kristen', '08991986199', '081357422124', 'JL. JAMBANGAN KEBON AGUNG NO66', 'ASRAMA UKDW', 'SMAN 22 ', 'SURABAYA', 4, 'M', 'Tidak ada', 'Tidak ada', 'Tidak ada', 'Tidak vegetarian', 'Ya', '2015-06-15 10:11:27', '2015-06-15 15:59:06'),
(155, '12150021', 29, 'Yudhi Joey Feqi Yunus', 'Laki-laki', 'Ujung Pandang', '1996-03-31', 'AB', 'Kristen', '085200521750', '08124124223', 'Jl. Sawerigading No.14 Malango'', Rantepao, Toraja Utara', 'Jl. Babarsari TB 17/11D Caturtunggal, Depok, Sleman, Yogyakarta', 'SMA Negeri 2 Rantepao', 'Rantepao, Toraja Utara', 7, 'M', 'Tidak ada', 'Tidak ada', 'Tidak ada', 'Tidak vegetarian', 'Tidak', '2015-06-15 10:14:27', '2015-06-15 15:38:41'),
(156, '12150006', 11, 'KEVIN ARIF SETIAWAN', 'Laki-laki', 'YOGYAKARTA', '1997-04-16', '', 'Kristen', '089521625594', '0818812658594', 'JALAN MUNGGUR 67\r\nDEMANGAN KIDUL\r\nYOGYAKARTA', 'JALAN MUNGGUR 67\r\nDEMANGAN KIDUL\r\nYOGYAKARTA', 'SMA BUDYA WACANA', 'YOGYAKARTA', 7, 'L', 'DINGIN', 'Tidak ada', 'Tidak ada', 'Tidak vegetarian', 'Ya', '2015-06-15 10:19:21', '2015-06-15 15:39:03'),
(157, '01150018', 36, 'BERLIAN MEGA BUDAYA PRASETYA', 'Perempuan', 'SALELE', '1997-11-23', 'A', 'Kristen', '087857733526', '082335775526', 'JL YOS SUDARSO 6 SIDORENO KENCONG', 'ASRAMA UKDW', 'SMA NEGERI 1 KENCONG', 'JEMBER', 4, 'M', 'Tidak ada', 'Tidak ada', 'Tidak ada', 'Tidak vegetarian', 'Ya', '2015-06-15 10:22:50', '2015-06-15 15:58:15'),
(158, '61150932', 7, 'andry calvin', 'Laki-laki', 'tanjung selor', '1997-03-03', 'A', 'Kristen', '082153270159', '085246089472', 'jalan manggis 1. kalimantan utara', 'klitren', 'sma agape tanjung selor', 'bulungan', 6, 'L', 'cuaca', 'Tidak ada', 'Tidak ada', 'Tidak vegetarian', 'Ya', '2015-06-15 11:10:02', '2015-06-15 15:40:48'),
(159, '71150048', 38, 'hersin keliduan', 'Perempuan', 'ambon', '1997-10-16', 'A', 'Kristen', '081247926493', '082197667234', 'dusun marbali', 'yogyakarta', 'sma yosudarso dobo', 'dobo', 1, 'S', 'Tidak ada', 'Tidak ada', 'telur', 'Tidak vegetarian', 'Ya', '2015-06-15 11:24:07', '2015-06-15 15:53:37'),
(160, '01150019', 38, 'DIAN UTAMI EKA CHRISTY', 'Perempuan', 'GUNUNGKIDUL', '1996-05-01', 'B', 'Kristen', '089667526597', '087738035234', 'GADUNGSARI RT07 / RW12, WONOSARI, GUNUNGKIDUL', 'DI YOGYA', 'SMA NEGERI 2 PLAYEN', 'PLAYEN', 4, 'S', 'Tidak ada', 'MAAG', 'Tidak ada', 'Tidak vegetarian', 'Tidak', '2015-06-15 11:33:05', '2015-07-03 14:19:32'),
(161, '72150009', 20, 'YULIANDRO', 'Laki-laki', 'PALANGKA RAYA', '1997-03-26', 'O', 'Kristen', '082351813338', '081349472037', 'JALAN SULAWESI NO 231 KUALA KAPUAS KALIMANTAN TENGAH', 'JALAN BABARSARI TB 17/21', 'SMA NEGERI 1 KUALA KAPUAS', 'KUALA KAPUAS', 2, 'L', 'Tidak ada', 'Tidak ada', 'Tidak ada', 'TIDAK VEGETARIAN', 'Tidak', '2015-06-15 11:38:20', '2015-06-15 15:50:36'),
(162, '11150022', 1, 'OKTAVIANI KARUNIA PUTRI', 'Perempuan', 'NGABANG', '1997-10-08', 'AB', 'Kristen', '085332324756', '08125688766', 'AMPARSAGA 1 RT/RW 003/001 AMBOYO INTI NGABANG KALIMANTAN BARAT', 'JANTI', 'SMA NEGERI 1 NGABANG', 'NGABANG KALIMANTAN BARAT', 8, 'S', 'Tidak ada', 'ASTMA', 'Tidak ada', 'Tidak vegetarian', 'Ya', '2015-06-15 11:39:55', '2015-07-22 10:36:27'),
(163, '01150020', 25, 'PRADITA NOVIANTORO', 'Laki-laki', 'KLATEN', '1996-11-05', 'B', 'Kristen', '087832202441', '087832873537', 'JL. KALIWUNGU - BOJA NO 12-14,BOJA KENDAL,JATENG', 'ASRAMA TEOLOGI', 'SMAN 1 BOJA', 'KENDAL', 4, 'M', 'Tidak ada', 'Tidak ada', 'Tidak ada', 'Tidak vegetarian', 'Ya', '2015-06-15 11:57:48', '2015-06-15 16:00:18'),
(164, '01150021', 30, 'DANIEL BIMANTARA', 'Laki-laki', 'KENDAL', '1997-08-08', 'O', 'Kristen', '087747883909', '081325292553', 'DESA KARTIKAJAYA RT/RW 002/001 PATEBON KENDAL', 'ASRAMA UKDW', 'SMA KRISTEN YSKI SEMARANG', 'SEMARANG', 4, 'L', 'Tidak ada', 'Tidak ada', 'Tidak ada', 'Tidak vegetarian', 'Ya', '2015-06-15 12:02:59', '2015-07-03 14:43:22'),
(165, '71140106', 23, 'STEISHY MEGA JOHANIS', 'Perempuan', 'LEMBEAN', '1997-01-15', 'O', 'Kristen', '082273502925', '081240992064', 'TIMIKA, MIMIKA, PAPUA', 'SAGAN', 'SMA ADVENT TIMIKA', 'TIMIKA', 1, 'empty', 'Tidak ada', 'Tidak ada', 'Tidak ada', 'Tidak vegetarian', 'Ya', '2015-06-15 12:20:51', '2015-06-15 15:52:53'),
(166, '71150007', 12, 'Maria Theresa Rahardjo', 'Perempuan', 'Sleman', '1997-04-29', 'B', 'Katholik', '081804126929', '085878159711', 'Perum. Nogotirto IV jl. gelatik h 54 gamping sleman diy', 'Perum. Nogotirto IV jl. gelatik h 54 gamping sleman diy', 'SMA Stella Duce 2 ', 'Yogyakarta', 1, 'S', 'dingin, debu', 'asma', 'Telur puyuh', 'Tidak vegetarian', 'Tidak', '2015-06-15 12:25:57', '2015-06-15 15:54:08'),
(167, '71150051', 30, 'THALIA MARIA CAMILO', 'Perempuan', 'SUAI', '1997-06-26', '', 'Katholik', '082359543270', '081338444220', 'JLN. AHMAD YANI, KEFAMENANU/TTU, NTT', 'KLITREN LOR, GONDOKUSUMAN', 'SMAN 1 KEFAMENANU', 'KEFAMENANU/TTU, NTT', 1, 'S', 'Tidak ada', 'Tidak ada', 'Tidak ada', 'Tidak vegetarian', 'Tidak', '2015-06-15 12:28:13', '2015-06-15 15:55:47'),
(168, '12120043', 9, 'sara.fanilda kambu', 'Perempuan', 'sorong papua', '1994-04-28', 'O', 'Kristen', '082238351240', '081247758334', 'kehutanan sempan timika papua', 'klitren lor', 'SMK PETRA TIMIKA PAPUA', 'TIMIKA PAPUA', 7, 'S', 'Tidak ada', 'Tidak ada', 'Tidak ada', 'Tidak vegetarian', 'Tidak', '2015-06-15 12:33:39', '2015-06-15 15:39:14'),
(169, '71150050', 31, 'PARDAMEAN DESYUKE SINAGA', 'Laki-laki', 'BEKASI', '1996-12-04', 'A', 'Kristen', '085345111153', '081348456650', 'JL. PEMBANGUNAN 1 PANKOH HULU \r\nKEC. PANDIH BATU\r\nKAB. PULANG PISAU\r\nPROV. KALIMANTAN TENGAH', 'YOKGYAKARTA', 'SMA NEGRI 1 PANDIH BATU', 'PALANGKA RAYA', 1, 'M', 'Tidak ada', 'MAG', 'Tidak ada', 'Tidak vegetarian', 'Ya', '2015-06-15 12:38:58', '2015-06-15 15:56:25'),
(170, '72150029', 10, 'AXEL CHRISTOVEL MANUHUTU', 'Laki-laki', 'JAKARTA', '1997-04-26', 'O', 'Kristen', '089509060424', '0813448966668', 'JL.TANGKISAN POS NO.9 RT11 RW 6, KLATEN', '', 'SMA NEGERI UNGGULAN SAUMLAKI', 'SAUMLAKI', 2, 'XXL', 'UDARA DINGIN', 'ASMA', 'Tidak ada', 'Tidak vegetarian', 'Ya', '2015-06-15 12:45:10', '2015-06-15 15:51:00'),
(171, '01150022', 12, 'samuel krispradipta', 'Laki-laki', 'jakarta', '1996-11-25', 'A', 'Kristen', '089635650111', '08161124863', 'jl.angkasa dalam II no.36 RT001 RW03 , kemayoran, jakarta pusat', 'dusun brongan prambanan klaten jawa tengah', 'smak 2 penabur ', 'jakarta', 4, 'L', 'tidak ada', 'tidak ada', 'tidak ada', 'Tidak vegetarian', 'Tidak', '2015-06-15 13:55:14', '2015-06-15 16:01:17'),
(172, '11150010', 19, 'Gino David Allositandi', 'Laki-laki', 'Wasuponda', '1997-08-02', '', 'Kristen', '085242249342', '085343790427', 'jl.kenari , no.30 , wasuponda, kec.wasuponda , kab.luwutimur , prov.sul-sel', 'jl.Balapan No.5', 'SMA YPS SOROAKO', 'LUWU TIMUR', 8, 'XL', 'Tidak ada', 'Tidak ada', 'Tidak ada', 'Tidak vegetarian', 'Ya', '2015-06-15 14:00:21', '2015-06-15 15:46:19'),
(173, '31140053', 16, 'William Wijaya', 'Laki-laki', 'Medan', '1995-08-10', 'O', 'Budha', '08976817214', '081578515033', 'Perumahan Griya Indah V jln. Orchidee 2 no 260 Yogyakarta', 'Perumahan Griya Indah V jln. Orchidee 2 no 260 Yogyakarta', 'SMA Kolese de Britto', 'Yogyakarta', 3, 'empty', 'Tidak ada', 'Tidak ada', 'sapi', 'lakto ovo, tidak bisa makan telur dan susu', 'Ya', '2015-06-15 15:10:59', '2015-07-22 12:37:06'),
(174, '01150023', 39, 'CYNTHIA JULIANNA KRISTIANTI HARTONO', 'Perempuan', 'JAKARTA', '1997-07-26', 'AB', 'Kristen', '089620324505', '081291730678', 'JALAN KELINGKIT III NO 25D , JAKARTA BARAT', 'ASRAMA UKDW', 'SMA Vianney YBHK', 'Jakarta Barat', 4, 'XXL', 'DINGIN ', 'ANEMIA penanganan : beri obat tambah darah', 'Tidak ada', 'Tidak vegetarian', 'Tidak', '2015-06-16 09:08:43', '2015-06-16 15:17:36'),
(175, '01150024', 3, 'Liem, Septian Adi Nugroho', 'Laki-laki', 'Semarang', '1997-09-02', 'A', 'Kristen', '085740121850', '081575417941', 'Jl. Selat Selayar gg.2 no.2 Panjang Wetan, Pekalongan', 'Asrama UKDW', 'SMA Negeri 1 Pekalongan', 'Pekalongan', 4, 'L', 'Tidak ada', 'Tidak ada', 'Tidak ada', 'Tidak vegetarian', 'Ya', '2015-06-16 10:37:12', '2015-06-16 15:17:56'),
(176, '01150025', 23, 'KEVIN TRESNA MADJAN', 'Laki-laki', 'BOGOR', '1998-07-17', 'AB', 'Kristen', '08988585586', '081382889729', 'JALAN HAUR KUNING II RT 1 RW 3 NO.142 JONGGOL,BOGOR', 'ASRAMA UKDW', 'SMA NEGERI 1 JONGGOL', 'BOGOR', 4, 'L', 'Tidak ada', 'Tidak ada', 'Tidak ada', 'Tidak vegetarian', 'Tidak', '2015-06-16 10:41:17', '2015-06-16 15:18:20'),
(177, '12150002', 33, 'NOVIA LARISSA WIJAYA', 'Perempuan', 'PONOROGO', '1996-11-12', 'B', 'Kristen', '085103209459', '085102136142', 'JLN KABUPATEN 99 TRIHANGGO GAMPING SLEMAN', 'JLN KABUPATEN 99 TRIHANGGO GAMPING SLEMAN', 'SMA BUDYA WACANA', 'YOGYAKARTA', 7, 'XL', 'Tidak ada', 'DIABETES', 'Tidak ada', 'Tidak vegetarian', 'Ya', '2015-06-16 10:47:15', '2015-06-16 15:09:02'),
(178, '71150030', 15, 'Merla Nindya Putri', 'Perempuan', 'Kudus', '1997-03-08', 'B', 'Kristen', '081575992818', '085640219199', 'jalan KH Wahid Hasyim no 487 RT 05 RW 02 Kudus Jawa Tengah', '', 'SMA Masehi Kudus', 'Kudus', 1, 'S', 'Tidak ada', 'Tidak ada', 'Tidak ada', 'Tidak vegetarian', 'Tidak', '2015-06-16 11:05:57', '2015-06-16 15:16:07'),
(179, '61150035', 9, 'ASTRID VIOCENSIA BOREL', 'Perempuan', 'Abusur', '1997-12-28', 'A', 'Kristen', '082198366297', '085312610963', 'Tiakur, Maluku', 'Jln. Babarsari No.91 Caturtunggal, Depok Sleman', 'SMA Negeri Tiakur', 'Tiakur', 6, 'S', 'Tidak ada', 'Tidak ada', 'Tidak ada', 'Tidak vegetarian', 'Ya', '2015-06-16 11:38:39', '2015-06-16 15:10:13'),
(180, '71150052', 6, 'edwin simon malihu', 'Laki-laki', 'kataloka', '1997-09-04', 'O', 'Kristen', '082293161541', '082293160625', 'desa upa . kabupaten halmahera utara . profinsi maluku utara ', 'jln. kaliurang km.5,3 no 12', 'sma negeri 1 halamahera utara ', 'tobelo ', 1, 'S', 'Tidak ada', 'maag', 'Tidak ada', 'Tidak vegetarian', 'Tidak', '2015-06-16 11:46:38', '2015-06-16 15:16:28'),
(181, '71150009', 5, 'KATON GILANG BAGASKARA', 'Laki-laki', 'PURBALINGGA', '1997-03-21', '', 'Kristen', '085747931282', '081328425764', 'Ds.PENARUBAN, RT01/RW10, KEC.KALIGONDANG , KAB.PURBALINGGA , JAWA TENGAH ', 'JALAN IROMEJAN', 'SMK N 1 PURBALINGGA', 'PURBALINGGA', 1, 'XL', 'Tidak ada', 'Tidak ada', 'TELOR , GORENG GORENGAN', 'Tidak vegetarian', 'Tidak', '2015-06-16 11:56:27', '2015-06-16 15:16:43'),
(182, '11150040', 15, 'SERAFINA SURAT DEMON', 'Perempuan', 'LITE', '1996-10-13', 'O', 'Katholik', '081338919317', '082145190750', 'LITE ADONARA TENGAH', 'KLITREN', 'SMAK FRATERAN PODOR LARANTUKA', 'LARANTUKA', 8, 'S', 'Tidak ada', 'Tidak ada', 'Tidak ada', 'Tidak vegetarian', 'Ya', '2015-06-16 12:36:16', '2015-07-03 14:33:10'),
(183, '61150003', 2, 'OKTAVIA WIWIT NURMARITA', 'Perempuan', 'SLEMAN', '1997-03-14', 'O', 'Katholik', '08562979110', '08157992504', 'SIDOREJO HARGOBINANGUN PAKEM SLEMAN YOGYAKARTA', 'SIDOREJO HARGOBINANGUN PAKEM SLEMAN YOGYAKARTA', 'SMA BOPKRI 2 YOGYAKARTA', 'YOGYAKARTA', 6, 'S', 'Tidak ada', 'Tidak ada', 'Tidak ada', 'Tidak vegetarian', 'Ya', '2015-06-16 12:59:32', '2015-06-16 15:10:56'),
(184, '31150016', 10, 'PRISCILA NARWASTU PUTRI', 'Perempuan', 'KLATEN', '1997-05-22', 'O', 'Kristen', '089667221368', '085643010890', 'NOLOJAYAN RT.03/01 SOMOPURO, JOGONALAN, KLATEN', 'CEPIT 174A RT.07/38 CONDONG CATUR, DEPOK, SLEMAN', 'SMA STELLA DUCE 2 YOGYAKARTA', 'YOGYAKARTA', 3, 'S', 'Tidak ada', 'Tidak ada', 'Tidak ada', 'Tidak vegetarian', 'Ya', '2015-06-16 12:59:33', '2015-06-16 15:11:49'),
(185, '41150002', 27, 'Daniel Ryan Utama Sinurat', 'Laki-laki', 'Tangerang', '1997-08-16', 'B', 'Kristen', '087880014312', '085215524068', 'Komplek Rumah Sakit Sitanala no.15 Kota Tangerang', 'Jl. Ampel no.22A Papringan Depok, Jogjakarta', 'SMAN 2 Tangerang', 'Tangerang', 10, 'L', 'Tidak ada', 'Tidak ada', 'Tidak ada', 'Tidak vegetarian', 'Ya', '2015-06-16 14:32:54', '2015-06-16 15:12:27'),
(186, '01150026', 9, 'CHRISTIAN CITRA HARI', 'Laki-laki', 'SIDOARJO', '1997-04-16', 'A', 'Kristen', '085607288646', '085257808885', 'TAWANG SARI C65, SIDOARJO', 'ASRAMA UKDW', 'SMA KATOLIK SANTO YUSUF, SURABAYA', 'SURABAYA', 4, 'S', 'Tidak ada', 'MAAG ', 'TIDAK BISA MAKAN UDANG DAN SEAFOOD', 'Tidak vegetarian', 'Ya', '2015-06-17 09:30:32', '2015-07-03 14:36:23'),
(187, '01150027', 22, 'RADJA RAHMANSYAH VALENTINO', 'Laki-laki', 'JAKARTA', '1997-02-11', 'O', 'Kristen', '085212080030', '087885782369', 'KOMPLEK UNILEVER BLOK C NO 25, TANGERANG', 'ASRAMA UKDW', '-', '  -', 4, 'XL', 'Tidak ada', 'Tidak ada', 'Tidak ada', 'Tidak vegetarian', 'Ya', '2015-06-17 09:33:03', '2015-06-17 15:35:49'),
(188, '01150028', 32, 'Yosua Setiya Budi', 'Laki-laki', 'kudus', '1997-08-26', 'A', 'Kristen', '085728874095', '085327676665', 'Jl UMK no 118 rt 04/01desa dersalam kecamatan bae kabupaten kudus', 'Asrama UKDW', 'SMA 1 Bae Kudus', 'Kudus', 4, 'L', 'Tidak ada', 'Tidak ada', 'Tidak ada', 'Tidak vegetarian', 'Ya', '2015-06-17 09:34:59', '2015-06-17 15:36:32'),
(189, '41150011', 17, 'Denny Hendrawan', 'Laki-laki', 'Magelang', '1995-09-20', 'O', 'Kristen', '082138450353', '0816684767', 'Jalan Singosari 34 - 35 Magelang', 'Yogyakarta', 'SMA Tarakanita', 'Magelang', 10, 'XL', 'Tidak ada', 'Tidak ada', 'Tidak ada', 'Tidak ada', 'Tidak', '2015-06-17 10:16:42', '2015-06-17 15:38:07'),
(190, '11150024', 4, 'kelvin alexzander berhitu', 'Laki-laki', 'jayapura ', '1996-08-28', 'B', 'Kristen', '081248344009', '081240653074', 'bhayangkara 1', 'papringan sleman jl ORI II kost Godha in ekslusif', 'SMA N 2 JAYAPURA', 'JAYAPURA ', 8, 'XXXL', 'Tidak ada', 'Tidak ada', 'Tidak ada', 'Tidak vegetarian', 'Tidak', '2015-06-17 10:39:33', '2015-06-17 15:39:46'),
(191, '01150029', 26, 'magdalena pura adiputra artarini', 'Perempuan', 'sleman', '1996-08-26', 'A', 'Kristen', '085876873447', '085643884590', 'jagalan sukoharjo ngaglik sleman yogyakarta', 'jagalan sukoharjo ngaglik sleman yogyakarta', 'sma n 2 ngaglik', 'yogyakarta', 4, 'S', 'Tidak ada', 'Tidak ada', 'udang', 'Tidak vegetarian', 'Tidak', '2015-06-17 10:58:09', '2015-06-17 15:41:12'),
(192, '11140086', 10, 'Indra Putra Yordan', 'Laki-laki', 'Jakarta', '1995-09-20', 'O', 'Kristen', '085729804807', '08562558000', 'Kopat,Karangsari Pengasih ,Kulon Progo', 'Bausasran', 'sma n 1 girimulyo', 'girimulyo', 8, 'empty', 'Tidak ada', 'Tidak ada', 'Tidak ada', 'Tidak vegetarian', 'Tidak', '2015-06-17 11:24:41', '2015-06-17 15:42:41'),
(193, '12150029', 21, 'Glori novita', 'Perempuan', 'pa''lidung', '1997-09-14', 'O', 'Kristen', '085348339884', '08125895915', 'Jl.Anggrek Rt.16 No.68 Tarakan-Kalimantan Utara', 'Jl.Bausasran RT 63 No 931, Yogyakarta', 'SMK Negeri 1 Tarakan', 'Tarakan-Kalimantan Utara', 7, 'S', 'Tidak ada', 'Tidak ada', 'Udang', 'Tidak vegetarian', 'Ya', '2015-06-17 11:56:40', '2015-06-17 15:45:22'),
(194, '01150030', 13, 'Vani Mega Rianna Mantong Tendenan', 'Perempuan', 'Rantepao', '1998-01-31', '', 'Kristen', '082190974743', '081355644200', 'Jln.Tagari No.15, Rantepao,Toraja Utara,Sulawesi Selatan', 'Jln. Kakap 4 No.1,Minomartani ,Yogyakarta', 'SMA Kristen 2 Rantepao', 'Rantepao', 4, 'S', 'Tidak ada', 'Tidak ada', 'Saus botol', 'Tidak vegetarian', 'Ya', '2015-06-17 12:57:20', '2015-06-17 15:46:10'),
(195, '61150036', 16, 'andre napoh mangiri''', 'Laki-laki', 'makassar', '1997-08-05', 'B', 'Kristen', '082190256430', '081242620276', 'sulawesi selatan', 'jalan kusbini', 'SMA KRISTEN RANTEPAO', 'RANTEPAO', 6, 'M', 'TIDAK BISAH DALAM CUACA DINGIN', 'MAAG, TIDAK BISAH JONGKOK TERLALU LAMA', 'Tidak ada', 'Tidak vegetarian', 'Tidak', '2015-06-17 12:59:59', '2015-07-03 14:59:41'),
(196, '71150042', 24, 'David lmmanuel Widagdo', 'Laki-laki', 'Kudus', '1996-02-03', 'B', 'Kristen', '081918710777', '08562675100', 'Pemuda 46', 'Yogjakarta', 'SMA KANISIUS KUDUS', 'KUDUS', 1, 'M', 'Tidak ada', 'Tidak ada', 'Tidak ada', 'Tidak vegetarian', 'Tidak', '2015-06-17 13:04:16', '2015-06-17 15:47:18'),
(197, '12150030', 36, 'RINING EFENDI', 'Laki-laki', 'BATU LIDUNG', '1998-02-08', 'B', 'Kristen', '081347996830', '085251199939', 'DESA :BATU LIDUNG RT : 002 KECAMATAN : MALINAU KOTA \r\nKABUPATEN : MALINAU\r\nPROVINSI : KALIMANTAN UTARA', 'JLN.BAUSASRAN RT.46', 'SMA N 1 MALINAU', 'MALINAU', 7, 'L', 'Tidak ada', 'MATA KANAN NGGAK BISA NGELIAT', 'Tidak ada', 'Tidak vegetarian', 'Ya', '2015-06-17 13:11:26', '2015-06-17 15:47:50'),
(198, '61150037', 33, 'MARSELINUS STIVEN WILLEM KORENELAU', 'Laki-laki', 'NALAHIA', '1996-11-12', 'O', 'Kristen', '085244884541', '081240150574', 'JLN C. HEATUBUN', 'KLITREN LOR GK 3 NO 205', 'SMA NEGERI 1 MIMIKA', 'TIMIKA', 6, 'XL', 'Tidak ada', 'Tidak ada', 'Tidak ada', 'Tidak vegetarian', 'Tidak', '2015-06-17 14:28:26', '2015-06-17 15:48:25'),
(199, '01150031', 34, 'Claudia Amanda Maria Tjan', 'Perempuan', 'Cirebon', '1996-03-15', 'O', 'Kristen', '08978402649', '082118910514', 'Jl. Mutiara II Permata Harjamukti Blok G6 No 15\r\nCirebon 45144', 'Asrama UKDW', 'SMA Kristen BPK Penabur', 'Cirebon', 4, 'S', 'Dingin', 'Maag', 'Tidak ada', 'Tidak vegetarian', 'Tidak', '2015-06-18 09:04:32', '2015-07-03 14:06:30'),
(200, '11150041', 6, 'Fransisca Natalia', 'Perempuan', 'Sanggau', '1997-12-03', 'A', 'Kristen', '08980309103', '082152596662', 'jalan Perintis Gang Mahkota Nomor 30 ', 'yogyakarta', 'SMA Negeri 01 Sanggau , Kalimantan Barat', 'Sanggau, Kalimantan Barat', 8, 'S', 'Tidak ada', 'Tidak ada', 'Tidak ada', 'Tidak vegetarian', 'Ya', '2015-06-18 09:19:36', '2015-06-18 15:23:52'),
(201, '01150034', 20, 'Galelea Dinar Asta Pradika', 'Laki-laki', 'Magelang', '1995-12-27', 'B', 'Kristen', '085729622364', '081328077052', 'jln menowosari no 23a, rt 2 rw 1, kelurahan kedungsari, magelang utara', 'asrama ukdw', 'SMAN 5 Magelang', 'Magelang', 4, 'M', 'Tidak ada', 'Tidak ada', 'Tidak ada', 'Tidak vegetarian', 'Ya', '2015-06-18 10:24:08', '2015-06-18 15:24:28'),
(202, '12150027', 31, 'Dasimah Simanjuntak', 'Perempuan', 'Merauke', '1998-08-07', 'O', 'Kristen', '082397121819', '085644455456', 'Merauke, Jalan mapi', 'Jalan SDN tajem', 'SMA NEEGERI 1 MERAUKE', 'MERAUKE', 7, 'M', 'Tidak ada', 'sesak nafas', 'Tidak ada', 'Tidak vegetarian', 'Tidak', '2015-06-18 11:15:35', '2015-07-03 15:06:22'),
(203, '61150038', 34, 'Maria Ditya Wartadiani', 'Perempuan', 'Sleman', '1997-05-31', 'O', 'Katholik', '081328813748', '08122792420', 'Puluhan, RT 002 RW 003, Sumberarum, Moyudan, Sleman, Yogyakarta, 55563', 'Puluhan, RT 002 RW 003, Sumberarum, Moyudan, Sleman', 'SMA Negeri 6 Yogyakarta', 'Yogyakarta', 6, 'M', 'Tidak ada', 'Tidak ada', 'Udang', 'Tidak vegetarian', 'Tidak', '2015-06-18 11:22:06', '2015-06-18 15:26:05'),
(204, '31150004', 8, 'Jovita Ivana', 'Perempuan', 'bogor', '1997-11-07', 'A', 'Kristen', '081227060627', '08122645664', 'jl. sutan syahrir no.103 solo', '', 'SMA Kristen Kalam Kudus', 'Sukoharjo', 3, 'S', 'Tidak ada', 'Tidak ada', 'Tidak ada', 'Tidak vegetarian', 'Ya', '2015-06-18 12:17:11', '2015-06-18 15:26:41'),
(205, '11150013', 28, 'emie rosaline', 'Perempuan', 'tarakan', '1997-03-03', 'B', 'Kristen', '082140045478', '082351494333', 'desa tanjung lapang, kabupaten malinau, kalimantan utara', 'jl.ronodigdayan no.57A', 'SMA marsudi luhur yogyakarta', 'yogyakarta', 8, 'S', 'Tidak ada', 'maag akut', 'seafood', 'Tidak vegetarian', 'Ya', '2015-06-18 12:41:37', '2015-07-03 14:31:59'),
(206, '11150042', 35, 'ina wakerkwa', 'Perempuan', 'Timika', '1997-02-23', 'O', 'Kristen', '082397326240', '081344511711', 'jln.merpati bloc c', 'jogyakarta', 'SKM YASHAKI NABIRE', 'NABIRE', 8, 'L', 'Tidak ada', 'REMATIK', 'INDOMIE', 'Tidak vegetarian', 'Ya', '2015-06-18 12:48:02', '2015-06-18 15:28:19'),
(207, '61150026', 31, 'Muhammad Afrieadi Caesario', 'Laki-laki', 'YOGYAKARTA', '1997-04-04', 'O', 'Islam', '089613384319', '081519381032', 'JL.PINANG DALAM,PERUM.KEMUNING VILLAGE BLOK A2/1,PAMULANG TIMUR,TANGERANG SELATAN', 'JL.SEKAR DWIJAN,KOMP.POLRI BALAPAN NO.8', 'SMK PUSTEK SERPONG', 'PONDOK JAGUNG,KPPRIANG NO.17', 6, 'S', 'Tidak ada', 'Tidak ada', 'UDANG ', 'TIDAK', 'Tidak', '2015-06-18 12:53:10', '2015-06-18 15:28:56'),
(208, '11150043', 38, 'OBED CAHYA PUTRA', 'Laki-laki', 'MAGELANG', '1998-02-02', 'O', 'Kristen', '085878303199', '085878738132', 'BOGEMAN TIMUR RT 6 RW 7, KELURAHAN PANJANG, KECAMATAN MAGELANG TENGAH', '', 'SMA NEGERI 4 MAGELANG', 'MAGELANG', 8, 'M', 'Tidak ada', 'Tidak ada', 'Tidak ada', 'Tidak vegetarian', 'Ya', '2015-06-18 12:56:26', '2015-06-18 15:29:34'),
(209, '11150044', 4, 'MARIA APRILIA KUSUMA DEWI', 'Perempuan', 'GROBOGAN', '1997-04-29', 'O', 'Kristen', '089631754492', '0811289559', 'R.SOEPRAPTO 59I', 'JOGJAKARTA', 'SMA KRISTEN TERANG BANGSA', 'SEMARANG', 8, 'S', 'TIDAK ADA', 'MAAG', 'Tidak ada', 'Tidak vegetarian', 'Ya', '2015-06-18 12:57:53', '2015-06-18 15:30:11'),
(210, '12150028', 20, 'Dita Mariana Tobing', 'Perempuan', 'sorong papua', '1997-05-05', 'O', 'Kristen', '081265636620', '081344805375', 'Kpr Exim Lrg IX No 2 Kelurahan Malanu', 'Komplek Yadara Babarsari Yogyakarta Lrg 04 No 04', 'SMA NEGERI 3 KOTA SORONG', 'SORONG,PAPUA BARAT', 7, 'XL', 'Tidak ada', 'Tidak ada', 'Tidak ada', 'Tidak vegetarian', 'Ya', '2015-06-18 13:52:54', '2015-06-18 15:31:44'),
(211, '01150035', 11, 'Mario Yulius Cito Putra', 'Laki-laki', 'Malang', '1997-06-08', 'O', 'Kristen', '087731219608', '087831686182', 'jl.jambean, no. 37, bae, kudus', 'jl. merak ', 'SMA KANISIUS KUDUS', 'KUDUS', 4, 'XL', 'dingin', 'Tidak ada', 'Tidak ada', 'TIDAK VEGETARIAN', 'Ya', '2015-06-18 14:10:59', '2015-06-18 15:31:06'),
(212, '61150039', 25, 'STEFFANY HARTONO', 'Perempuan', 'PURWOKERTO', '1997-02-09', 'AB', 'Kristen', '088806640037', '0811287607', 'JL. PALEM INDAH BLOK B-3 NO 153', '-', 'SMA 1 PURWOKERTO', 'PURWOKERTO', 7, 'XL', 'Tidak ada', 'MAAG', 'SEAFOOD (UDANG)', 'Tidak vegetarian', 'Tidak', '2015-06-19 09:04:31', '2015-06-19 15:36:34'),
(213, '01150036', 8, 'Yosafat Prasanda Hanaryo', 'Laki-laki', 'Purworejo', '1997-06-14', 'O', 'Kristen', '085726324842', '085729626631', 'Desa Tepus Kulon Rt 1 Rw 4, Kecamatan Kutoarjo, Kabupaten Purworejo', 'Asrama UKDW', 'SMA Negeri 2 Purworejo', 'Kutoarjo', 4, 'L', 'Tidak ada', 'Tidak ada', 'Tidak ada', 'Tidak vegetarian', 'Ya', '2015-06-19 09:18:28', '2015-06-19 15:45:19'),
(214, '41150003', 38, 'weinny christi ephilia', 'Perempuan', 'malili', '1997-07-04', 'A', 'Kristen', '082394595234', '085342688552', 'gemini indah lr. 7 puncak indah', 'candi gebang gg. martapura', 'sma kristen barana', 'Rantepao, Toraja Utara', 10, 'S', 'Tidak ada', 'Tidak ada', 'Tidak ada', 'Tidak vegetarian', 'Ya', '2015-06-19 10:03:13', '2015-06-19 15:41:21'),
(215, '01150037', 24, 'yovinda vierly yuliestia darwis', 'Perempuan', 'tegal', '1997-07-27', 'B', 'Kristen', '082134173855', '083875564744', 'Jalan duku II no 6 rt 04 rw 03 kel. pekauman kec. tegal barat 52113 kota tegal', '', 'sma negeri 2 tegal', 'tegal', 4, 'S', 'Tidak ada', 'Tidak ada', 'Tidak ada', 'Tidak vegetarian', 'Tidak', '2015-06-19 10:29:57', '2015-06-19 15:45:05'),
(216, '61150042', 35, 'YEFTA IYARMASA', 'Laki-laki', 'UHAK', '1994-07-28', 'B', 'Kristen', '081215743528', '082220661078', 'WONRELY/UHAK', 'JLN. LAKSDA ADISUTJIPTO,SANTAN/MAGUWOHARJO/GANG 9', 'SMK WIRA KARYA KUPANG', 'KUPANG', 6, 'L', 'PULPY ORANGE (GATAL-GATAL)', 'Tidak ada', 'Tidak ada', 'Tidak vegetarian', 'Ya', '2015-06-19 10:50:21', '2015-06-19 15:38:18'),
(217, '61150024', 22, 'Billy Williandro Siray', 'Laki-laki', 'Biak', '1997-03-21', 'O', 'Kristen', '085286615669', '081225609067', 'St12.492A.Prambanan Tembagapura.Timika Pupua', 'Jalan Sugeng Jeroni Perumahan De Asmarandana No.C5', 'SMA Pangudi Luhur Yogyakarta', 'YOGYAKARTA', 6, 'XL', 'Tidak ada', 'Malaria', 'Tidak ada', 'Brokoli', 'Tidak', '2015-06-19 11:21:05', '2015-06-19 15:40:12'),
(218, '31150022', 13, 'samuel sandy tyas', 'Laki-laki', 'jakarta', '1997-03-08', 'B', 'Katholik', '082112965079', '081280870801', 'jl kalisari rt 12 rw 03 kelurahan kalisari kecamatan pasar rebo', '', 'SMAN 88 ', 'jakarta', 3, 'L', 'Tidak ada', 'Tidak ada', 'Tidak ada', 'Tidak vegetarian', 'Tidak', '2015-06-19 11:33:48', '2015-06-19 15:40:57'),
(219, '72150016', 34, 'denny yona wanjaya', 'Laki-laki', 'magelang', '1997-04-26', 'O', 'Kristen', '085743900170', '082133155400', 'Jl Srwijaya 7 magelang', 'catur tunggal', 'SMA EL SHADAI', 'MAGELANG', 2, 'XXXXL', 'Tidak ada', 'Tidak ada', 'Tidak ada', 'Tidak vegetarian', 'Ya', '2015-06-19 11:42:45', '2015-06-19 15:41:52'),
(220, '12150032', 16, 'MEGA ANES MEIRIZHA PATANDUK', 'Perempuan', 'RANTEPAO', '1997-05-07', 'O', 'Kristen', '082347336121', '081342744262', 'TIKALA', 'KLITREN NO. 303', 'SMA PELITA RANTEPAO', 'TORAJA UTARA', 7, 'S', 'DEBU', 'TIPES', 'UDANG, KEPITING', 'Tidak vegetarian', 'Tidak', '2015-06-19 11:52:56', '2015-06-19 15:36:45'),
(221, '71150039', 26, 'VALLERY RONALDO LAWOASAL', 'Laki-laki', 'BIAK', '1995-06-26', 'A', 'Kristen', '081248648929', '081248898899', 'JL WANDAMEN SAMOFA', 'BANTUL IMOGIRI TIMUR PERUMNAS TRY MULYO', 'SMA YPK 2 ', 'BIAK', 1, 'XL', 'Tidak ada', 'Tidak ada', 'Tidak ada', 'Tidak vegetarian', 'Tidak', '2015-06-19 11:53:15', '2015-06-19 15:43:24'),
(222, '71150054', 14, 'AS ARY', 'Laki-laki', 'RANTEPAO', '1996-08-28', 'O', 'Katholik', '087842362771', '081242866371', 'TAMPAK PANGRASTE', 'JL. MUTIARA BLOK H NO. 74 B', 'SMAN 1 RANTEPAO', 'RANTEPAO', 1, 'M', 'DEBU', 'Tidak ada', 'Tidak ada', 'Tidak vegetarian', 'Ya', '2015-06-19 11:58:01', '2015-06-19 15:44:04'),
(223, '12150014', 12, 'ANGELA YOHANA HISTYANINGTYAS', 'Perempuan', 'SEMARANG', '1996-01-03', 'B', 'Katholik', '087832466774', '082221803928', 'PONDOK RADEN PATAH BLOK C/28', 'YOGYAKARTA', 'SMA KRISTEN TERANG BANGSA', 'SEMARANG', 7, 'S', 'Tidak ada', 'Tidak ada', 'Tidak ada', 'Tidak vegetarian', 'Tidak', '2015-06-19 11:59:27', '2015-06-19 15:37:00'),
(224, '72150031', 2, 'DANIEL HARTONO', 'Laki-laki', 'JEMBER', '1996-07-17', 'B', 'Kristen', '089674976070', '085100645070', 'JL MH THAMRIN NO 15 KALISAT', 'KLITREN', 'SMAK SANTO PAULUS JEMBER', 'JEMBER', 2, 'L', 'Tidak ada', 'ENGKEL', 'Tidak ada', 'Tidak vegetarian', 'Tidak', '2015-06-19 12:08:34', '2015-06-19 15:42:06'),
(225, '71150004', 9, 'REXY DWY BRUNDY', 'Laki-laki', 'KETAPANG', '1998-01-05', 'O', 'Budha', '081904105355', '08174112815', 'JALAN TANJUNGAN ANOM 2 PRINGGOLAYAN 10/26 CATURTUNGGAL DEPOK', 'JALAN TANJUNGAN ANOM 2 PRINGGOLAYAN 10/26 CATURTUNGGAL DEPOK', 'SMA KOLESE DE BRITTO', 'YOGYAKARTA', 1, 'XXL', 'Tidak ada', 'Tidak ada', 'Tidak ada', 'Tidak vegetarian', 'Tidak', '2015-06-19 12:43:54', '2015-06-19 15:44:24'),
(226, '61150041', 37, 'Anak Agung Gede Anom Bayu Prednyana', 'Laki-laki', 'Bontang', '1997-05-26', 'AB', 'Hindu', '082251299734', '085390682460', 'Gg.Masjid 1 no 4 Jln Yousudarso ', 'Perum.Pogung Baru Blok G20 ', 'SMA NEGERI 1 SANGATTA UTARA', 'SANGATTA UTARA', 6, 'S', 'Tidak ada', 'Tidak ada', 'Tidak ada', 'Tidak vegetarian', 'Tidak', '2015-06-19 13:12:55', '2015-06-19 15:40:29'),
(227, '01150038', 5, 'Yokhanan Krisda Karunia', 'Laki-laki', 'Klaten', '1997-02-22', 'AB', 'Kristen', '0811268820', '0811268820', 'Girimulyo RT 05 RW 06, Gergunung Klaten', 'Asrama UKDW', 'SMK Leonardo Klaten', 'Klaten Jawa Tengah', 4, 'L', 'Tidak ada', 'Tidak ada', 'Tidak ada', 'Tidak vegetarian', 'Tidak', '2015-06-19 14:51:03', '2015-06-19 15:46:15'),
(228, '12140064', 4, 'Nathasya Lahura', 'Perempuan', 'yogyakarta', '1995-11-01', '', 'Kristen', '085326445143', '081340673175', 'Halmahera Utara,Maluku utara', 'Banguntapan', 'SMA NEGERI 1 TOBELO', 'Halmahera Utara', 7, 'empty', 'Tidak ada', 'Tidak ada', '-', '-', 'Ya', '2015-06-19 15:28:40', '2015-06-19 15:37:25'),
(229, '01150008', 10, 'Wahyu Sahita Adi ', 'Laki-laki', 'Wonogiri', '1996-12-25', 'O', 'Kristen', '085647289274', '081548501965', 'Rt 02 Rw 02 Tegalrejo,Purwantoro,Wonogiri', 'LPPS 77 Samirono Baru', 'SMA N 2 Wonogiri', 'Wonogiri', 4, 'XXL', 'Tidak ada', 'Tidak ada', 'Tidak ada', 'Tidak vegetarian', 'Tidak', '2015-06-22 08:51:46', '2015-06-22 15:21:44'),
(230, '41150035', 32, 'TIVA ISMADYANTI CHRISTINE PRABOWO', 'Perempuan', 'JAKARTA', '1996-03-16', 'O', 'Kristen', '081212345713', '081212345030', 'JL.BAMBU APUS PERUMAHAN KOWILHAN II BLOK C2 KAV-23\r\nRT 003 RW 003 KELURAHAN BAMBU APUS KECAMATAN CIPAYUNG\r\nJAKARTA TIMUR 13890', 'PERUM AMNUSA REGENCY KAV-A3\r\nWEDOMARTANI, NGEMPLAK\r\nSLEMAN - YOGYAKARTA', 'SMA NEGERI 39 JAKARTA', 'JAKARTA TIMUR', 10, 'S', 'Tidak ada', 'SINUSITIS', 'Tidak ada', 'Tidak vegetarian', 'Ya', '2015-06-22 10:09:43', '2015-06-22 15:18:36'),
(231, '12150033', 17, 'claaudya cristie tuminting ', 'Perempuan', 'manado', '1998-04-14', 'O', 'Kristen', '082348196356', '085256995835', 'sulawesi utara', 'sagan', 'sma n 1 siau timur', 'manado', 7, 'S', '-', '-', '-', 'Tidak vegetarian', 'Tidak', '2015-06-22 10:34:14', '2015-07-03 15:10:19'),
(232, '41150006', 33, 'sarah kalis salita', 'Perempuan', 'klaten', '1998-05-28', 'A', 'Kristen', '085641901939', '08121574859', 'Manggis tengah 12/06, Randulanang, Jatinom, Klaten', '', 'SMA N 1 KLATEN', 'KLATEN', 10, 'S', 'alergi dingin', 'Tidak ada', 'Tidak ada', 'Tidak vegetarian', 'Tidak', '2015-06-22 11:38:35', '2015-06-22 15:18:51'),
(233, '61150034', 3, 'firdaus agusman hia', 'Laki-laki', 'afulu', '1997-08-24', 'O', 'Kristen', '082166053795', '082363128613', 'jln. Yos sudarso Gang bersama no 2', 'jln. Hos cokroaminoto no164', 'Sma n 1 gunungsitoli Nias', 'gunungsitoli Nias', 6, 'L', 'Tidak ada', 'Tidak ada', 'Tidak ada', 'vegetarian', 'Ya', '2015-06-22 12:02:09', '2015-06-22 15:17:46'),
(234, '12150023', 28, 'Paulus Kurniawan Purnomo', 'Laki-laki', 'Yogyakarta', '1996-09-29', 'O', 'Kristen', '08976830552', '08175473347', 'Tuntungan UH 3 1006b', 'Tuntungan UH3 1006b', 'SMAN 2 Banguntapan', 'Bantul', 7, 'L', 'Tidak ada', 'Patah Tulang Tangan Kiri', 'Tidak ada', 'Tidak vegetarian', 'Ya', '2015-06-22 12:27:10', '2015-06-22 15:14:49'),
(235, '11150045', 19, 'cindy meliana', 'Perempuan', 'yogyakarta', '1997-02-25', 'O', 'Kristen', '085725703244', '08164891467', 'jalan veteran no. 112 yk', 'jalan veteran no. 112 yk', 'SMA Pangudi Luhur Yogyakarta', 'Yogyakarta', 8, 'S', 'Tidak ada', 'Tidak ada', 'Tidak ada', 'Tidak vegetarian', 'Ya', '2015-06-22 12:58:55', '2015-06-22 15:19:53'),
(236, '61150007', 27, 'marhaenna nareswari nugrastuti', 'Perempuan', 'kulon progo', '1997-09-26', 'A', 'Islam', '085728987497', '087731727775', 'nanggulan 52/19, jatisarono, nanggulan, kulon progo', 'nanggulan 52/19, jatisarono, nanggulan, kulon progo', 'sma n 1 sentolo', 'kulon progo', 6, 'empty', 'dingin, debu', 'bronkitis', 'Tidak ada', 'Tidak vegetarian', 'Tidak', '2015-06-22 13:57:41', '2015-06-22 15:15:35'),
(237, '61150043', 12, 'Evan Pratama', 'Laki-laki', 'Sintang', '1997-08-06', '', 'Kristen', '085822066897', '08125703029', 'Jl. Masuka Darat No 2', 'JL. Wahidin \r\nKlitren', 'SMAN 2 Sintang', 'Sintang', 6, 'M', 'Dingin', 'Kesleo di Tangan Kanan', 'Tidak ada', 'Tidak vegetarian', 'Tidak', '2015-06-22 14:03:55', '2015-07-03 15:21:03'),
(238, '61140103', 11, 'Lolyta Febriana KA', 'Perempuan', 'Banjarnegara', '1995-02-21', 'B', 'Islam', '089662212227', '081391566658', 'Jl. Raya Lengkong, Rakit, Banjarnegara', 'Jl. Ampel No 16 Papringan, demangan, Yogyakarta', 'SMA N 1 Banjarnegara', 'Banjarnegara', 6, 'empty', '', 'Maag', 'Ayam', 'Tidak vegetarian', 'Ya', '2015-06-22 14:50:00', '2015-06-22 15:16:10'),
(239, '11150046', 36, 'JONASITA RAICHA FUBE TALUMEDUN', 'Perempuan', 'MANADO', '1997-01-28', 'A', 'Kristen', '081342572658', '081355010324', 'KAB. KEP. TALAUD, SULAWESI UTARA', 'SENDOWO', 'SMA NEGERI 1 MELONGUANE', '-', 8, 'S', 'Tidak ada', 'Tidak ada', 'Tidak ada', 'Tidak vegetarian', 'Ya', '2015-06-23 10:07:33', '2015-06-23 15:16:21'),
(240, '71150055', 1, 'MARIATY OCTAVIA ANTARANI', 'Perempuan', 'ENGGOHE', '1997-03-17', 'O', 'Kristen', '085340153162', '085340615635', 'KAB. KEP. TALAUD, SULAWESI UTARA', 'SENDOWO', 'SMA NEGERI 1 MELONGUANE', '-', 1, 'S', 'Tidak ada', 'Tidak ada', 'Tidak ada', 'Tidak vegetarian', 'Ya', '2015-06-23 10:09:57', '2015-06-23 15:17:11'),
(241, '12150035', 22, 'INDAH MARDINA LONDORAN', 'Perempuan', 'TAHUMA', '1997-03-21', '', 'Kristen', '085397282731', '085313331233', 'MELONGUANE KABUPATEN TALAUD, SULAWESI UTARA', 'SENDOWO', 'SMA NEGERI 1 MELONGUANE', '-', 7, 'S', 'Tidak ada', 'Tidak ada', 'Tidak ada', 'Tidak vegetarian', 'Tidak', '2015-06-23 10:11:56', '2015-06-23 15:13:55'),
(242, '12150034', 3, 'ROSMITA HALENA RUMENGAN', 'Perempuan', 'WAMENA ', '1997-09-20', 'O', 'Kristen', '082347633192', '085340051548', 'MELONGUANE', 'SANDOWO', 'SMA NEGERI 1 MELONGUANE', 'MELONGUANE', 7, 'S', 'Tidak ada', 'Tidak ada', 'Tidak ada', 'Tidak vegetarian', 'Tidak', '2015-06-23 10:26:56', '2015-06-23 15:14:43'),
(243, '72150032', 21, 'asoka hendra wiragapa', 'Laki-laki', 'kutoarjo', '1997-08-14', '', 'Budha', '081215644819', '081227509999', 'jl. Pangeran Diponegoro No. 94', '', 'sma pius bakti utama bayan', 'kutoarjo', 2, 'L', 'debu', 'Tidak ada', 'Tidak ada', 'Tidak vegetarian', 'Ya', '2015-06-23 12:20:47', '2015-06-23 15:17:40'),
(244, '11150048', 30, 'Rendy marten celvin Toatubun', 'Laki-laki', 'tual', '1997-09-18', 'O', 'Katholik', '085197263312', '081230056619', 'JL. C,  HATUBUN KUAMKI BARU TIMIKA', 'JL. TUKANGAN', 'SMA AQUINO KATOLIK AMURANG', 'SULAESI UTARA MINAHASA', 8, 'M', 'Tidak ada', 'Tidak ada', 'Tidak ada', 'Tidak vegetarian', 'Ya', '2015-06-24 10:27:32', '2015-06-24 15:17:53'),
(245, '12150036', 32, 'melvin zet sifata', 'Laki-laki', 'laha serani', '1995-07-29', '', 'Kristen', '082238535302', '082198260769', 'jalan ahmat yani rt 002 kwamki mimika baru', 'klitren lor gk 3 no 205', 'SMA NEGERI 1 MIMIKA', 'TIMIKA', 7, 'L', 'Tidak ada', 'MAAG', 'Tidak ada', 'Tidak vegetarian', 'Tidak', '2015-06-24 11:56:57', '2015-07-03 14:56:14'),
(246, '71150022', 16, 'ivan apriliano setiawan', 'Laki-laki', 'Yogyakarta', '1997-04-04', 'O', 'Kristen', '085640416915', '087719014968', 'karangwatu, Muntilan, kab. Magelang', '', 'SMA Kr. Bentara Wacana', 'Muntilan', 1, 'XXL', 'Tidak ada', 'Tidak ada', 'Udang', 'Tidak vegetarian', 'Ya', '2015-06-24 12:10:36', '2015-06-24 15:18:39'),
(247, '12150037', 39, 'ayub dinga marawali ', 'Laki-laki', 'gollu poto', '1995-05-19', 'O', 'Kristen', '082247710446', '082247718682', 'gollu poto', '', 'SMA kr wAiKABUBAK', 'WAIKABUBAK', 7, 'M', 'Tidak ada', 'Tidak ada', 'Tidak ada', 'Tidak vegetarian', 'Ya', '2015-06-24 13:12:38', '2015-06-24 15:16:19'),
(248, '31150023', 17, 'FELICIA AGNES HERNINGTYAS', 'Perempuan', 'BANDARLAMPUNG', '1997-05-23', 'O', 'Kristen', '082282798413', '081369414008', 'JALAN P. TIRTAYASA, PERUMAHAN PERSADA ASRI BLOK C/7, SUKABUMI, BANDARLAMPUNG', 'JLN. KARANG ASEM RT 05 RW 12, CONDONG CATUR, DEPOK, SLEMAN, YOGYAKARTA', 'SMA IMMANUEL BANDARLAMPUNG', 'BANDARLAMPUNG', 3, 'S', 'Tidak ada', 'MAGH', 'Tidak ada', 'Tidak vegetarian', 'Ya', '2015-06-24 13:28:56', '2015-06-24 15:15:46'),
(249, '31150024', 27, 'jeffern cornelis', 'Laki-laki', 'jakarta', '1997-04-22', 'B', 'Kristen', '085883697545', '081212275731', 'areman rt:004 rw:008 desa:tugu kecamatan: cimanggis kodya depok', '', 'budhi warman 2', 'jakarta', 3, 'S', 'Tidak ada', 'maag', 'Tidak ada', 'Tidak vegetarian', 'Ya', '2015-06-25 09:55:37', '2015-06-25 15:16:20'),
(250, '11150047', 34, 'CHARLES PAULUS LEWIER', 'Laki-laki', 'CIANJUR', '1996-07-27', 'O', 'Kristen', '085759432353', '081383556043', 'Jln. Sukabumi - Cianjur Km 15 Ds. Gekbrong RT 01 RW 05 Kec. Gekbrong Kab. Cianjur JAWA BARAT', 'Dusun Gabugan Ds. Donokerto RT 02 RW 07 Kec. Turi Kab. Sleman', 'SMA Mardi Yuana Sukabumi', 'Kota Sukabumi', 8, 'M', 'Tidak ada', 'Tidak ada', 'Tidak ada', 'Tidak vegetarian', 'Ya', '2015-06-25 10:52:57', '2015-06-25 15:18:09'),
(251, '62150002', 15, 'RONALDO PRATAMA WIJAYA', 'Laki-laki', 'SUKOHARJO', '1998-01-01', 'B', 'Katholik', '081328650188', '081328200068', 'JOGONALAN LOR 88 RT 01/RW 16, TIRTONIRMOLO, KASIHAN, BANTUL, YOGYAKARTA', 'JOGONALAN LOR 88 RT 01/RW 16, TIRTONIRMOLO, KASIHAN, BANTUL, YOGYAKARTA', 'SMA KOLESE DDE BRITTO', 'YOGYAKARTA', 5, 'XXXXL', 'Tidak ada', 'PATAH TULANG (Sakit kalau tertekan, daerah bahu, baru 1 tahun)', 'Tidak ada', 'Tidak vegetarian', 'Tidak', '2015-06-25 11:18:27', '2015-06-26 14:34:31'),
(252, '61150044', 23, 'Eka krisna hendra pradiatma', 'Laki-laki', 'gerung', '1996-06-30', 'O', 'Hindu', '087864553443', '081916454391', 'jl dewi arimbi no 14 cakranegara mataram, lombok ntb', 'jl adas no 193a sanggrahan plumbon banguntapan yogyakarta', 'smak kesuma mataram', 'mataram', 6, 'L', 'Tidak ada', 'Tidak ada', 'seafood', 'Tidak vegetarian', 'Ya', '2015-06-25 14:45:30', '2015-06-29 15:27:22'),
(253, '71150056', 17, 'MEIKEL ROSARIO OHOITIMUR', 'Laki-laki', 'MERAUKE', '1997-05-27', 'O', 'Katholik', '082398425312', '081299935566', 'JALAN JAWA KOMP PALAPA PERMAI NO C8 MERAUKE', '-', 'SMAN 1 MERAUKE', 'MERAUKE', 1, 'L', 'Tidak ada', 'Tidak ada', '-', '-', 'Tidak', '2015-06-26 09:22:45', '2015-06-29 15:37:33'),
(254, '72150003', 18, 'VINNO AYU PUTRI A. IRIBARAM', 'Perempuan', 'SORONG', '1997-03-19', 'O', 'Kristen', '081238657832', '081344159354', 'SORONG, PERUM PERTAMINA LIDO NO.92', 'SETURAN, PERUM DEPPEN JL. DIAN NUSANTARA 2 NO. 117', 'YPPK St. AGUSTINUS ', 'SORONG', 2, 'XL', '-', '-', '-', '-', 'Tidak', '2015-06-26 09:23:42', '2015-06-29 15:35:17'),
(255, '11150050', 8, 'JERRY KITONG', 'Laki-laki', 'WAYABULA', '1997-07-17', 'O', 'Kristen', '082188314376', '081382989584', 'BABARSARI NO 11', 'BABARSARI NO 11', 'SMA KRISTEN TOBELO', 'TOBELO', 8, 'M', 'Tidak ada', 'Tidak ada', 'Tidak ada', 'Tidak vegetarian', 'Tidak', '2015-06-26 09:25:42', '2015-06-29 15:34:38'),
(256, '31150025', 29, 'JOSEFINA LESNUSSA', 'Perempuan', 'AMBON', '1997-09-29', 'O', 'Kristen', '082399103809', '085243467228', 'jln KARANG TAGEPE KUDAMATY Ambon Maluku', 'KLEDOKAN B NO 68 CATUR TUNGGAL DEPOK, SLEMAN YOGYAKARTA ', 'SMA NEGERI 12 AMBON', 'AMBON', 3, 'S', 'Tidak ada', 'Tidak ada', 'Tidak ada', 'Tidak vegetarian', 'Ya', '2015-06-26 10:47:28', '2015-06-29 15:29:10'),
(257, '61150046', 24, 'carren claudia fransisca', 'Perempuan', 'JAKARTA', '1997-04-24', 'A', 'Kristen', '089633671443', '087886065033', 'perumahan kresek indah 1 jln. seruni blok q no 7 , cengkareng, jakbar,', 'perumahan casa grande cluster catalonia no 411 412', 'Santo Leo 2', 'Jakarta Barat', 6, 'M', 'Tidak ada', 'Tidak ada', 'makanan atau minuman yang mengandung pewarna berlebihan', 'Tidak vegetarian', 'Tidak', '2015-06-26 11:29:17', '2015-06-29 15:24:52'),
(258, '41110069', 6, 'gledysiyah clarah', 'Perempuan', 'palu', '1993-08-30', 'O', 'Kristen', '085394270453', '085394270453', 'jln kancil no 36 palu (sulteng)', 'klitren lor gk 3 no 376', 'SMA NEG 3 PALU', 'PALU ( SULTENG)', 10, 'empty', 'Tidak ada', 'Tidak ada', 'Tidak ada', 'Tidak vegetarian', 'Tidak', '2015-06-29 09:54:38', '2015-06-29 15:30:19'),
(259, '71150057', 28, 'SERA HARDIANTO SEMBIRING', 'Laki-laki', 'ABEPURA', '1996-12-08', 'O', 'Kristen', '081391526040', '081344599841', 'GANG JATI VI NO 122 PERUMNAS 2 WAENA', 'JLN.BABARSARI PERUMAHAN WISMA SUPRA MAGISTRA', 'SMK N 3 JAYAPURA', 'JAYAPURA', 1, 'XL', 'Tidak ada', 'Tidak ada', 'Tidak ada', 'Tidak vegetarian', 'Tidak', '2015-06-29 10:11:29', '2015-06-29 15:37:57'),
(260, '71150058', 39, 'Ronaldo Edwardus Christnawan', 'Laki-laki', 'Semarang', '1997-10-23', 'B', 'Kristen', '087892255339', '0818297997', 'Perum. Pesona Kuantan B-4, Tegalrejo, Yogyakarta', 'Perum. Pesona Kuantan B-4, Tegalrejo, Yogyakarta', 'Bopkri I', 'Yogyakarta', 1, 'S', 'Tidak ada', 'Tidak ada', 'Tidak ada', 'Tidak vegetarian', 'Tidak', '2015-06-29 11:10:58', '2015-06-29 15:38:17'),
(261, '41150008', 37, 'Fransisca Evelyna', 'Perempuan', 'Bangkalan', '1997-03-03', 'AB', 'Katholik', '0818380877', '0818380877', 'Griya Palem Hijau A5 Yogyakarta', 'Griya Palem Hijau A5 Yogyakarta', 'Bopkri I', 'Yogyakarta', 10, 'S', 'Tidak ada', 'Tidak ada', 'udang', 'Tidak vegetarian', 'Tidak', '2015-06-29 11:35:00', '2015-06-29 15:30:55'),
(262, '11150051', 5, 'Gloria Delfica Ngamel', 'Perempuan', 'Timika', '1997-12-09', 'O', 'Katholik', '082178875665', '081354774050', 'Jl.airport Lorong swadaya Timika-Papua', 'Jl.Lempuyangan DN III/221A', 'SMK st.Yohanis Don Bosco', 'Timika-Papua', 8, 'S', 'Tidak ada', 'Infeksi Saluran Kencing(ISK) (waktu SD)', 'Tidak ada', 'Tidak vegetarian', 'Tidak', '2015-06-29 11:38:03', '2015-06-29 15:34:19'),
(263, '41150036', 25, 'Novia Bella Rianto', 'Perempuan', 'Semarang', '1997-11-07', 'O', 'Kristen', '085640223563', '08164242590', 'jalan kuala mas 4 no 197 semarang', '', 'SMA Kolese Loyola', 'Semarang', 10, 'S', 'Tidak ada', 'Tidak ada', 'Tidak ada', 'Tidak vegetarian', 'Tidak', '2015-06-29 11:45:40', '2015-06-29 15:32:05'),
(264, '71150059', 2, 'Amsal medsa wira persada bangun', 'Laki-laki', 'serui', '1997-04-03', 'B', 'Kristen', '081240392125', '081344024854', 'JLn gajahmada belakang lestari', 'cd betesda', 'Smk ypk serui', 'Serui', 1, 'XL', 'Tidak ada', 'Tidak ada', 'Tidak ada', 'Tidak vegetarian', 'Tidak', '2015-06-29 12:01:08', '2015-06-29 15:38:40'),
(265, '72150034', 14, 'Evan Narendra Purwaka', 'Laki-laki', 'Yogyakarta', '1996-11-27', 'A', 'Kristen', '087738920613', '087739377465', 'Puri Timoho Asri II no.34 Yogyakarta', 'Puri Timoho Asri II no.34 Yogyakarta', 'SMA Bopkri Satu Yogyakarta', 'Yogyakarta', 2, 'M', 'Tidak ada', 'Tidak ada', 'Tidak ada', 'Tidak vegetarian', 'Tidak', '2015-06-29 12:39:05', '2015-07-03 11:40:01'),
(266, '11140087', 2, 'akwila epenus', 'Laki-laki', 'pak buis', '1995-08-05', 'A', 'Katholik', '085251946299', '082353053406', 'desa sidas. kec.sengah temila. kab.landak. pro.pontianak.kalbar', 'janti gg.kruwing no 25', 'sman 02', 'sengah temila', 8, 'L', 'Tidak ada', 'Tidak ada', 'terong', 'Tidak vegetarian', 'Ya', '2015-06-29 12:40:21', '2015-06-29 15:33:39'),
(267, '72150030', 1, 'hendrianto krusvi', 'Laki-laki', 'surabaya', '1997-04-06', 'A', 'Kristen', '085743323248', '085878259983', 'sutorejo selatan 6/4 surabaya', 'minggiran mj2/1481 yogyakarta', 'SMA Bopkri Satu Yogyakarta', 'Yogyakarta', 2, 'L', 'Tidak ada', 'Tidak ada', 'Tidak ada', 'Tidak vegetarian', 'Tidak', '2015-06-29 12:52:22', '2015-06-29 15:36:45'),
(268, '61150021', 32, 'DARUMURTI KRISNAWA', 'Laki-laki', 'YOGYAKARTA', '1997-04-29', 'O', 'Kristen', '088802841538', '085799094942', 'JL. KYAI MOJO, SIDOMULYO TR IV 345, YOGYAKARTA', '', 'SMA Pangudi Luhur Yogyakarta', 'YOGYAKARTA', 6, 'XXL', 'Tidak ada', 'Tidak ada', 'Tidak ada', 'Tidak vegetarian', 'Tidak', '2015-06-29 13:05:31', '2015-06-29 15:27:58'),
(269, '61150014', 4, 'DESMON BAYU SENTOSA', 'Laki-laki', 'SINTANG', '1997-08-18', 'B', 'Kristen', '082357987489', '081257225555', 'JL. PANGERAN ANTASARI NO. 78', '', 'SMA PANCA SETYA SINTANG', 'SINTANG', 6, 'M', 'Tidak ada', 'Tidak ada', 'UDANG', 'Tidak vegetarian', 'Tidak', '2015-06-29 13:39:31', '2015-06-29 15:28:49'),
(270, '71150060', 18, 'RIZKY FER NANDO SAMBE', 'Laki-laki', 'TIMIKA', '1997-07-17', '', 'Kristen', '082398500548', '082199831563', 'JLN. SAMRATULANGI NO 63', 'JLN.PERUMNAS SETURAN', 'SMA NEGRI 1 MIMIKA', 'MIMIKA BARU', 1, 'M', 'MATAHARI SIANG', 'Tidak ada', 'Tidak ada', 'Tidak vegetarian', 'Tidak', '2015-06-30 09:50:20', '2015-06-30 15:14:34'),
(272, '61150047', 15, 'MARKUS SETO DARMO', 'Laki-laki', 'KLATEN', '1997-04-19', 'B', 'Katholik', '087739073536', '0816686029', 'JL NASARET NO.12 SENGKAN,CONDONGCATUR,DEPOK,SLEMAN,YOGYAKARTA', 'JL NASARET NO.12 SENGKAN,CONDONGCATUR,DEPOK,SLEMAN,YOGYAKARTA', 'SMK NEGERI 2 YOGYAKARTA', 'YOGYAKARTA', 6, 'XL', 'DEBU', 'Tidak ada', 'UDANG', 'Tidak vegetarian', 'Tidak', '2015-06-30 10:01:21', '2015-06-30 15:08:37'),
(273, '71150061', 9, 'AGUSTINUS RENDI WALEWOWAN ', 'Laki-laki', 'MERAUKE', '1997-08-10', 'O', 'Katholik', '082113628297', '082121558864', 'JLN.JAWA KOMP. PALAPA PERMAI\r\nRT/RW : 005/002\r\nKEL/DESA : KARANG INDAH\r\nKECAMATAN : MERAUKE', 'KOMP. PADUKUHAN SAGAN', 'SMA NEGERI 1 MERAUKE', 'MERAUKE', 1, 'S', 'Tidak ada', 'Tidak ada', 'Tidak ada', 'Tidak vegetarian', 'Tidak', '2015-06-30 10:11:27', '2015-06-30 15:15:08'),
(274, '71150062', 3, 'OKTRIANA SIDIK', 'Perempuan', 'METRO', '1997-10-03', 'O', 'Kristen', '081928303500', '087898922789', 'Jl. SELAGAI No. 47 IRING MULYO METRO TIMUR', '', 'SMA KRISTEN 1 METRO', 'METRO', 1, 'XL', 'Tidak ada', 'Tidak ada', 'Tidak ada', 'Tidak vegetarian', 'Tidak', '2015-06-30 10:23:56', '2015-06-30 15:15:41'),
(275, '71150063', 14, 'Fenny Meinawati', 'Perempuan', 'Palangka Raya', '1997-05-05', 'B', 'Kristen', '082150039363', '08125075528', 'Jln. Rajawali Km. 6,5 Palangka Raya, Kalimantan Tengah', 'Jln. Kaliurang Km. 5', 'SMA NEGERI 4 PALANGKA RAYA', 'PALANGKA RAYA', 1, 'S', 'Tidak ada', 'Tidak ada', 'Tidak ada', '-', 'Tidak', '2015-06-30 10:58:45', '2015-06-30 15:16:07'),
(276, '11150054', 31, 'RANISIUS PALLANGAN', 'Laki-laki', 'JAKARTA', '1997-10-11', 'B', 'Katholik', '081225594848', '081315224848', 'JL. BERUANG V/B-5/6 CIKARANG BARU', 'YOGYAKARTA', 'SMA MARSUDIRINI MUNTILAN', 'MAGELANG', 8, 'M', 'DEBU', 'Tidak ada', 'UDANG', 'Tidak vegetarian', 'Tidak', '2015-06-30 12:02:46', '2015-06-30 15:10:48'),
(277, '61150049', 35, 'AJI LUKI  SATRIO', 'Laki-laki', 'PASIR BARU', '1996-12-03', 'A', 'Islam', '087739150770', '085325158110', 'PASIR BARU RT 01 RW 01 \r\nPASIRPENGARAAIN \r\nRIAU', 'JL SURAKARSAN MG II NO 259 \r\n', 'SMK N 3 YOGYAKARTA', 'YOGYAKARTA', 6, 'XL', 'Tidak ada', 'Tidak ada', 'Tidak ada', 'Tidak vegetarian', 'Ya', '2015-06-30 12:41:04', '2015-06-30 15:08:54'),
(278, '31150026', 19, 'MARIA LISTIANA WAKO ROHI', 'Perempuan', 'AIMERE, ', '1996-09-15', 'O', 'Katholik', '085253828912', '081246544772', 'AIMERE, KABUPATEN NGADA NTT', 'KLITREN', 'SMAN 1 AIMERE', 'BAJAWA', 3, 'S', 'DINGIN, DEBU', 'Tidak ada', 'Tidak ada', 'Tidak vegetarian', 'Tidak', '2015-06-30 13:05:53', '2015-06-30 15:09:48'),
(279, '61150050', 38, 'Nelfin Gabriela Gemnafle', 'Laki-laki', 'Abepura', '1997-12-07', 'B', 'Kristen', '081219356215', '081344343292', 'jl. ondikleo, no. 141, perumnas 1', 'jl. ampel, papiringan', 'SMA YPPK TERUNA BAKTI', 'JAYAPURA', 6, 'L', 'Tidak ada', 'Tidak ada', 'Tidak ada', 'Tidak vegetarian', 'Ya', '2015-06-30 13:55:28', '2015-06-30 15:09:20'),
(280, '11150055', 33, 'patrick junior manumpil', 'Laki-laki', 'manado', '1998-06-18', 'O', 'Kristen', '081354795698', '081340643411', 'jln.proyek perumnas 2 waena', 'jln ori 2 papringan', 'sma yppk teruna bakti', 'jayapura', 8, 'M', 'Tidak ada', 'Tidak ada', 'Tidak ada', 'Tidak vegetarian', 'Ya', '2015-06-30 14:45:04', '2015-06-30 15:11:18'),
(281, '12150039', 30, 'Fransiska Litmantoro Hidayat', 'Perempuan', 'Ende', '1998-05-09', 'A', 'Katholik', '085239237272', '08123796885', 'Jalan Pelabuhan, Ende, Flores, NTT', 'Klitren Lor, GKIII / 466', 'SMAK Syuradikara', 'Ende', 7, 'S', 'Tidak ada', 'maag', 'coklat, ayam,seafood, telur', 'Tidak vegetarian', 'Tidak', '2015-07-01 09:40:53', '2015-07-01 15:36:13'),
(282, '31150027', 21, 'ROSELINA ARCHRISTY NATALIA SETYANINGTYAS', 'Perempuan', 'YOGYAKARTA', '1996-12-24', 'O', 'Katholik', '085743262566', '0274547413', 'IROMEJAN GK III/755, YOGYAKARTA', 'IROMEJAN GK III/755, YOGYAKARTA', 'SMA N 9 YOGYAKARTA', 'YOGYAKARTA', 3, 'S', 'Tidak ada', 'Tidak ada', 'Tidak ada', 'Tidak vegetarian', 'Tidak', '2015-07-01 10:23:00', '2015-07-01 15:37:59');
INSERT INTO `pesertas` (`id`, `nim`, `idkelompok`, `nama`, `jenis_kelamin`, `tempat_lahir`, `tanggal_lahir`, `golongan_darah`, `agama`, `nomor_telpon`, `nomor_orangtua`, `alamat_asal`, `alamat_jogja`, `asal_sekolah`, `kota_asal_sekolah`, `idprodi`, `ukuran_almamater`, `alergi`, `penyakit_diderita`, `alergi_makanan`, `vegetarian`, `tonti`, `created`, `modified`) VALUES
(283, '01150040', 31, 'ANDREY LODEWYK ARISTO KABUHUNG', 'Laki-laki', 'ULU SIAU', '1997-08-23', 'B', 'Kristen', '082292670678', '081356443357', 'KELURAHAN BAHU KECAMATAN SIAU TIMUR KABUPATEN SITARO PROVINSI SULAWESI UTARA', '', 'SMA NEGERI 1 SIAUTIMUR', 'KABUPATEN SITARO', 4, 'M', 'Tidak ada', 'Tidak ada', 'Tidak ada', 'Tidak vegetarian', 'Ya', '2015-07-01 10:48:24', '2015-07-01 15:45:55'),
(284, '71150064', 10, 'GABRIELLA AMELIA PRASETYO', 'Perempuan', 'SURAKARTA', '1997-07-23', 'O', 'Kristen', '089688066785', '08122611808', 'JL. SIBELA UTARA NO. 2 B MOJOSONGO, SURAKARTA\r\n', '', 'SMA KRISTEN KALAM KUDUS SUKOHARJO', 'SURAKARTA', 1, 'S', 'DEBU', 'TIDAK ADA', 'Tidak ada', 'Tidak vegetarian', 'Ya', '2015-07-01 11:17:00', '2015-07-01 15:43:52'),
(285, '11150056', 12, 'I Nyoman sucita danan jaya', 'Laki-laki', 'poso', '1997-02-28', '', 'Hindu', '081340550666', '082337116880', 'jln.btn II blok c no 4 mamboro palu utara sulawesi tengah', 'jln.celeban uh III no 388 kel tahunan kec umbulharjo', 'sman 1 ', 'luwuk ', 8, 'M', 'Tidak ada', 'Tidak ada', 'Tidak ada', 'Tidak vegetarian', 'Tidak', '2015-07-01 11:21:41', '2015-07-01 15:40:15'),
(286, '11150057', 11, 'JUNIAR KRISTIAN', 'Perempuan', 'SEKINYAK', '1996-06-01', '', 'Kristen', '085388980673', '082148501928', 'DUSUN SEKINYAK, RT/RW : 003/002, DESA BELIMBING, KECAMATAN LUMAR, KABUPATEN BENGKAYANG, KALIMANTAN BARAT', 'SAGAN', 'SMA N 1 LEDO', 'BENGKAYANG', 8, 'S', 'Tidak ada', 'Tidak ada', 'Tidak ada', 'Tidak vegetarian', 'Ya', '2015-07-01 11:29:19', '2015-07-01 15:41:00'),
(287, '12150040', 5, 'JANIA DO ROSARIO VITAL MOREIRA MESQUITA', 'Perempuan', 'DILI, TIMOR-LESTE', '1996-10-21', 'O', 'Katholik', '081233191240', '+6707243204', 'DELTA 1 COMORO DILI, TIMOR-LESTE', 'JL. WULUNG PAPRINGAN NO 45 A DEPOK SLEMAN YOGYAKARTA', 'SMA KATOLIK COR JESU MALANG', 'MALANG', 7, 'XXL', 'Tidak ada', 'Tidak ada', 'Tidak ada', 'Tidak vegetarian', 'Tidak', '2015-07-01 11:57:17', '2015-07-01 15:36:31'),
(288, '31150028', 7, 'TECLA ANABELLA XIMENES MARTINS', 'Perempuan', 'MALANG', '1996-02-19', 'O', 'Katholik', '085200607426', '+67077273357', 'AUDIAN, DILI TIMOR-LESTE', 'JL.WULUNG PAPRINGAN NO.45A', 'SMAK COR JESU', 'MALANG', 3, 'S', 'DINGIN\r\nDEBU', 'MAAG', 'Tidak ada', 'Tidak vegetarian', 'Tidak', '2015-07-01 11:58:53', '2015-07-01 15:38:45'),
(289, '71150065', 21, 'STEVEN EDGAR', 'Laki-laki', 'RANTAU PRAPAT', '1997-11-02', 'A', 'Budha', '082371602599', '082180320888', 'PERUM.VILLA NUSA PERMATA C1. NO.02, JL. P. HIDAYAT, JAMBI', '', 'SMAS YPMM', 'JAMBI', 1, 'XXXXXL', 'Tidak ada', 'Tidak ada', 'Tidak ada', 'Tidak vegetarian', 'Tidak', '2015-07-01 12:24:16', '2015-07-01 15:44:30'),
(290, '01150041', 7, 'THERESA GRACE LESNUSSA', 'Perempuan', 'AMBON', '1997-11-25', 'O', 'Kristen', '081284232471', '081247571157', 'BATU GAJAH TENGAH RT 002/RW 002, AMBON, MALUKU', 'JALAN URIP SUMOHARJO, WISMA PRABA SANTI', 'SMA NEGERI 2 AMBON', 'AMBON', 4, 'S', 'Tidak ada', 'Tidak ada', 'Tidak ada', 'Tidak vegetarian', 'Ya', '2015-07-01 12:28:05', '2015-07-03 14:08:03'),
(291, '72150035', 25, 'BERNALDO JOISLOUIS WERINUSSA', 'Laki-laki', 'FAK-FAK', '1997-09-18', 'O', 'Kristen', '082323236105', '081248886777', 'MANOKWARI (PAPUA BARAT) JL JEND SUDIRMAN 63', 'BANGUNTAPAN JANTI', 'SMA N 1 MANOKWARI', 'MANOKWARI', 2, 'L', 'DINGIN', 'Tidak ada', 'Tidak ada', 'Tidak vegetarian', 'Tidak', '2015-07-01 13:03:29', '2015-07-01 15:42:44'),
(292, '11150058', 6, 'FIKTOR EKA PRATAMA', 'Laki-laki', 'TUMBANG LAHANG', '1997-04-21', 'O', 'Kristen', '085348040309', '081255556153', 'JL.UPM NO.28 RT11 DESA TUMBANG MANGGU/ KECAMATAN SANAMAN MANTIKEI ', 'JLN.LAMPAR 19D PAPRINGAN DEPOK SLEMAN YOGYAKARTA', 'SMAN1 SANAMAN MANTIKEI', 'DESA TUMBANG KAMAN', 8, 'empty', 'Tidak ada', 'Tidak ada', 'Tidak ada', 'Tidak vegetarian', 'Tidak', '2015-07-01 13:52:01', '2015-07-01 15:40:39'),
(293, '41150037', 29, 'WILI DIRDA ADVENTIO', 'Laki-laki', 'SINTANG', '1997-12-14', 'B', 'Kristen', '089675939018', '081345743124', 'JL JERORA 2 SINTANG, KALIMANTAN BARAT', 'JL SOGA NO 46', 'SMA NEGERI 3 SINTANG', 'SINTANG', 10, 'M', 'Tidak ada', 'MAAG', 'UDANG', 'Tidak vegetarian', 'Ya', '2015-07-01 14:05:43', '2015-07-01 15:39:25'),
(294, '71150066', 19, 'WELLY KRISTOVER BARUSLI', 'Laki-laki', 'TANJUNG SELOR', '1995-01-01', 'O', 'Kristen', '082251000264', '081234195817', 'JL. SABANAR BARU RT.02/RW.01 KEL. TANJUNG SELOR TIMUR, KEC. TANJUNG SELOR, KAB. BULONGAN, PROV. KALIMANTAN UTARA', 'PALEM LOR BATURETNO BANGUNTAPAN BANTUL RT. 04 NOMOR 463B 55197', 'SMK NEGERI 2 TANJUNG SELOR', 'TANJUNG SELOR', 1, 'L', 'Tidak ada', 'Tidak ada', 'Tidak ada', 'Tidak vegetarian', 'Ya', '2015-07-01 14:15:28', '2015-07-01 15:44:11'),
(295, '61150051', 13, 'bryan oktovian agawemu', 'Laki-laki', 'tanah merah', '1996-11-21', 'B', 'Katholik', '081240643004', '082198826036', 'jalan seringgu gang tidore no 298 merauke', 'jalan babarsari TB 8 no 8 kel catur tunggal kecamatan depok sleman', 'SMA NEGERI 1 MERAUKE', 'merauke', 6, 'S', 'alergi obat yang mengandung sulfat', 'Tidak ada', 'Tidak ada', 'Tidak vegetarian', 'Ya', '2015-07-01 14:47:19', '2015-07-01 15:37:11'),
(296, '61150052', 14, 'LUTHFI ABHIRAMA PUTRA PERDANA', 'Laki-laki', 'JAKARTA', '1997-09-18', 'A', 'Islam', '081336560528', '081336340700', 'JL. JAKSA AGUNG SUPRAPTO BANYUWANGI', 'JL TAQWA NO 34, NOTOPRAJAN, NGAMPILAN', 'SMA N 1 GLAGAH', '-', 6, 'L', 'Tidak ada', 'Tidak ada', 'Tidak ada', 'Tidak vegetarian', 'Ya', '2015-07-02 09:52:12', '2015-07-02 15:31:50'),
(297, '71150067', 27, 'Julius Calvin Hary Chrisnawan', 'Laki-laki', 'Jombang', '1997-07-14', 'A', 'Kristen', '085736730657', '081230198945', 'Kebondalem, Ds. Kademangan, Mojoagung, Jombang, Jawa Timur.', 'UKDW', 'SMA Negeri Mojoagung', 'Jombang', 1, 'M', 'Tidak ada', 'Tidak ada', 'Tidak ada', 'Tidak vegetarian', 'Ya', '2015-07-02 10:03:05', '2015-07-02 15:38:38'),
(298, '72150036', 27, 'MAGDALENA NUGRAHENI CAHYANINGTYAS', 'Perempuan', 'YOGYAKARTA', '1997-03-11', 'A', 'Kristen', '089637036907', '081804705339', 'JALAN BERINGIN II NO 17 RT 02 RW 04 KELURAHAN BOJONG, PURBALINGGA', 'UKDW', 'SMA NEGERI 1 PURBALINGGA', 'PURBALINGGA', 2, 'S', 'Tidak ada', 'THYPUS', 'Tidak ada', 'Tidak vegetarian', 'Ya', '2015-07-02 10:16:15', '2015-07-02 15:37:38'),
(299, '71150003', 34, 'NATHANIEL CLARENCE HARYANTO', 'Laki-laki', 'YOGYAKARTA', '1997-01-13', 'O', 'Katholik', '081578579398', '0274618929', 'JL. R.E. MARTADINATA NO 98\r\nYOGYAKARTA', 'JL. R.E. MARTADINATA NO 98\r\nYOGYAKARTA', 'SMA KOLESE DE BRITTO YOGYAKARTA', 'YOGYAKARTA', 1, 'L', 'Tidak ada', 'Tidak ada', 'Tidak ada', 'Tidak vegetarian', 'Tidak', '2015-07-02 10:38:26', '2015-07-02 15:38:56'),
(300, '41150038', 35, 'Daniel Pranata Evan Tjahjono', 'Laki-laki', 'Surabaya', '1997-11-20', 'O', 'Kristen', '082111112516', '081805545800', 'JL. Pulo Moyo Perumahan Green Kori Gang III no. 28 ', '', 'SMA CHIS ', 'Denpasar', 10, 'XL', 'Tidak ada', 'Tidak ada', 'Tidak ada', 'Tidak vegetarian', 'Tidak', '2015-07-02 11:08:56', '2015-07-02 15:36:51'),
(301, '01150042', 37, 'Renee Rahadiyan L.K', 'Laki-laki', 'Medan', '1998-02-25', 'B', 'Kristen', '085397023161', '0811445038', 'Komp Tabaria Baru Jl.Buldozer Blok.G/7,Makassar-Sulawesi Selatan ', 'Asrama UKDW', 'SMA Frater Kumala', 'Makassar', 4, 'XL', 'Tidak ada', 'Tidak ada', 'Tidak ada', 'Tidak vegetarian', 'Tidak', '2015-07-02 11:17:34', '2015-07-03 14:39:33'),
(302, '71150068', 25, 'RAGIL YOGA IRAWAN', 'Laki-laki', 'PURBALINGGA', '1997-04-20', 'O', 'Kristen', '085726461625', '085647653248', 'SERANG RT 03 RW 03, KARANGREJA, PURBALINGGA, JAWA TENGAH', '', 'SMA NEGERI 1 PURBALINGGA', 'PURBALINGGA', 1, 'XL', 'Tidak ada', 'Tidak ada', 'Tidak ada', 'Tidak vegetarian', 'Ya', '2015-07-02 12:02:15', '2015-07-02 15:39:17'),
(303, '31150029', 32, 'MARLEN AVIATI SARAH PEPIANA', 'Perempuan', 'MERAUKE', '1998-09-16', 'O', 'Kristen', '085197027212', '081248579000', 'JL. HABE NO.2 MERAUKE,PAPUA', 'PERMATA PURWOMARTANI C8, BROMONILAN,KALASAN,SLEMAN', 'SMA NEGERI 1 MERAUKE', 'MERAUKE', 3, 'S', 'Tidak ada', 'Tidak ada', 'Tidak ada', 'Tidak vegetarian', 'Ya', '2015-07-02 12:04:51', '2015-07-02 15:36:18'),
(304, '12150038', 30, 'MEIVER RIHARD KARUNDENG', 'Laki-laki', 'MANGARAN', '1997-05-17', 'O', 'Kristen', '082393411354', '082393411354', 'TALAUD KABUPATEN KEPULAUN TALAUD  PROVINSI SULAWESI UTARA', 'JLN MADUBRONTO NOMOR 37', 'SMA NEGERI 1 KABARUAN', 'KABARUAN', 7, 'L', 'Tidak ada', 'Tidak ada', 'Tidak ada', 'Tidak vegetarian', 'Ya', '2015-07-02 12:23:28', '2015-07-02 15:30:40'),
(305, '61150048', 7, 'EDISON YAKOB MANALANGKUBA', 'Laki-laki', 'BITUNG', '1996-09-28', 'O', 'Kristen', '082291784930', '082194768314', 'MANGARAN KECAMATAN KABARUAN TALAUD KABUPATEN KEPULAUAN  TALAUD PROPINSI SULAWESI UTARA', 'JALAN MADUBRONTO NOMOR 37 ', 'SMA NEGERI 1 KABARUAN', ' RARANGE KECAMATAN KABARUAN', 6, 'XL', 'ALERGI DEBU', '', 'ES', 'Tidak vegetarian', 'Ya', '2015-07-02 12:23:42', '2015-07-02 15:32:08'),
(306, '61150053', 11, 'BENEDICTUS YOSEPH CAESAR HARIS', 'Laki-laki', 'WAIKABUBAK', '1997-08-16', '', 'Katholik', '082247725233', '081353424659', 'KANELU, WEE RAME, KEC. WEWEWA TENGAH, KAB. SUMBA BARAT DAYA, NTT', 'BABARSARI TB12 NO 06', 'SMA SEMINARI SINAR BUANA', 'WEETABULA', 6, 'M', 'Tidak ada', 'Tidak ada', 'Tidak ada', 'Tidak vegetarian', 'Ya', '2015-07-02 12:36:55', '2015-07-02 15:33:01'),
(307, '71150069', 24, 'DANIEL CIENTIFICA', 'Laki-laki', 'LEMPUYANG BANDAR', '1997-03-12', 'B', 'Kristen', '08127907785', '081379209789', 'JL. SRIWIJAYA NO. 254 DUSUN V RT 017/007 DESA TANJUNG ANOM KECAMATAN TERUSAN NUNYAI, KAB. LAMPUNG TENGAH, PROV. LAMPUNG', 'TINGAL KULON DESA WANUREJO, KEC. BOROBUDUR, KAB. MAGELANG', 'XAVERIUS PRINGSEWU', 'PRINGSEWU', 1, 'L', 'Tidak ada', 'MAAG', 'UDANG', 'Tidak vegetarian', 'Ya', '2015-07-02 13:34:39', '2015-07-02 15:39:35'),
(308, '61150054', 24, 'YOGI YOSUA', 'Laki-laki', 'MAMASA', '1997-07-02', '', 'Kristen', '085298114773', '085322838703', 'JL.POROS MAMASA POLEWALI', 'KLEBENGAN', 'SMKN 1 MAMASA', 'MAMASA', 6, 'L', 'Tidak ada', 'Tidak ada', 'Tidak ada', 'Tidak vegetarian', 'Ya', '2015-07-02 13:45:29', '2015-07-02 15:34:23'),
(309, '71150070', 28, 'ARDIAN HARAMBURU DEPUU', 'Laki-laki', 'WAINGAPU', '1997-05-27', '', 'Kristen', '082247120811', '085237878522', 'JL. PERDAMAIAN, PRAIWORA', 'JL. MUTIARA No. 2 A, PENGOK', 'SMA KRISTEN PAYETI', 'Waingapu/ Sumba Timur', 1, 'XXL', 'Tidak ada', 'Tidak ada', 'Tidak ada', 'Tidak vegetarian', 'Ya', '2015-07-02 14:09:27', '2015-07-02 15:40:02'),
(310, '61150055', 20, 'JULIANUS', 'Laki-laki', 'PUTUSSIBAU', '1997-07-08', 'B', 'Katholik', '085753441822', '082156042262', 'JL. GAJAH MADA GG.ANEKA PUTUSSIBAU', '', 'SMAN 1 PUTUSSIBAU', 'PUTUSSIBAU, KALIMANTAN BARAT', 6, 'M', 'DINGIN', 'Tidak ada', 'Tidak ada', 'Tidak vegetarian', 'Ya', '2015-07-02 14:18:06', '2015-07-03 11:11:14'),
(311, '11150060', 17, 'DEA APRILIANI', 'Perempuan', 'PURWOREJO', '1997-04-17', '', 'Kristen', '085729789501', '087732611137', 'PURWODADI, RT 06 RW 01 KAB. PURWOREJO', 'JOGJA', 'SMA BRUDERAN PURWOREJO', 'PURWOREJO', 8, 'L', 'Tidak ada', 'Tidak ada', 'Tidak ada', 'Tidak vegetarian', 'Ya', '2015-07-03 10:15:00', '2015-07-03 16:04:35'),
(312, '72150037', 33, 'SEPTIANUS EBENHAEZER TAMPUBOLON', 'Laki-laki', 'SUKABUMI', '1997-09-04', 'A', 'Kristen', '089657777211', '081319097736', 'JL. ZAMRUD 2 NO 44 PERUMBAROS, SUKABUMI, JAWA BARAT', 'YOGYAKARTA', 'SMK-K BPK PENABUR SUKABUMI', 'SUKABUMI', 2, 'M', 'Tidak ada', 'Tidak ada', 'Tidak ada', 'Tidak vegetarian', 'Tidak', '2015-07-03 10:17:46', '2015-07-03 16:06:28'),
(313, '71150029', 39, 'RENDY SETIAWAN', 'Laki-laki', 'JAMBI', '1997-11-06', 'B', 'Budha', '087839998899', '087838288899', 'JL . TOKENGAN DN II / 632 B', '-', 'SMA BOPKRI 1 YOGYAKARTA', 'YOGYAKARTA', 1, 'XL', 'Tidak ada', 'Tidak ada', 'Tidak ada', 'Tidak vegetarian', 'Tidak', '2015-07-03 10:21:25', '2015-07-03 16:09:51'),
(314, '71150040', 38, 'TEVEN ALEXANDER', 'Laki-laki', 'YOGYAKARTA', '1997-02-16', 'O', 'Kristen', '082220349005', '081227008880', 'JL. GOWONGAN KIDUL 25', 'PERUM GRIYA KETAWANG PERMAI BLOK I 3', 'SMA BOPKRI 1 YOGYAKARTA', 'YOGYAKARTA', 1, 'XXXL', 'Tidak ada', 'Tidak ada', 'TIDAK TERLALU PEDAS, TELUR', 'Tidak vegetarian', 'Tidak', '2015-07-03 10:24:20', '2015-07-03 16:10:21'),
(315, '72150021', 11, 'Imanuel Aji Setiawan', 'Laki-laki', 'Yogyakarta', '1996-12-15', 'O', 'Kristen', '087839112232', '081804004000', 'Jalan magelang no 192 km 7,2 Sleman, Yogyakarta', 'Jalan magelang no 192 km 7,2 Sleman, Yogyakarta', 'SMA Bopkri 1 ', 'Yogyakarta', 2, 'L', 'Tidak ada', 'Tidak ada', 'Tidak ada', 'Tidak vegetarian', 'Tidak', '2015-07-03 10:38:40', '2015-07-03 16:07:04'),
(317, '12150043', 8, 'YOHANES KRISOSTOMUS TOMA', 'Laki-laki', 'KARUNI', '1997-09-12', '', 'Katholik', '085333472562', '085238711891', 'KARUNI', 'KUNINGAN BLOK G/9', 'SMAK ST THOMAS AQUINAS', 'WAITABULA', 7, 'M', 'Tidak ada', 'Tidak ada', 'Tidak ada', 'Tidak vegetarian', 'Tidak', '2015-07-03 10:49:44', '2015-07-03 15:53:24'),
(318, '31150030', 37, 'FEBY MAILYLY', 'Perempuan', 'PULAU SAPI', '1997-02-22', 'B', 'Kristen', '085347447070', '082251346716', 'PULAU SAPI', 'JL.SOROPADAN NO 85 GEJAYAN,SLEMAN YOGYAKARTA', 'SMA NEGERI 4 MALINAU', 'LIDUNG', 3, 'S', 'Tidak ada', 'Tidak ada', 'Tidak ada', 'Tidak vegetarian', 'Tidak', '2015-07-03 11:05:44', '2015-07-03 15:57:21'),
(319, '71150071', 30, 'DAUD MADIDI', 'Laki-laki', 'TIMIKA', '1997-03-24', 'O', 'Kristen', '082397533396', '082226632332', 'TIMIKA,PAPUA ', 'IROMEJAN', 'SMK PETRA TIMIKA PAPUA', 'TIMIKA,PAPUA', 1, 'XL', 'Tidak ada', 'Tidak ada', 'Tidak ada', 'Tidak vegetarian', 'Ya', '2015-07-03 11:08:31', '2015-07-03 16:11:01'),
(320, '01150043', 6, 'YEFTA WIATMOKO', 'Laki-laki', 'MOJOKERTO', '1995-10-12', 'B', 'Kristen', '081234598355', '08123211416', 'PRAJURIT KULON 1/56', 'ASRAMA THEOLOGI', 'SMA TARUNA NUSA HARAPAN', 'MOJOKERTO', 4, 'XXXXL', 'Tidak ada', 'MAAG', 'Tidak ada', 'Tidak vegetarian', 'Ya', '2015-07-03 11:18:46', '2015-07-03 16:14:04'),
(321, '41150040', 22, 'DAYANG CHRISTI NOPIYONDAYANI', 'Perempuan', 'TARAKAN', '1997-11-17', 'O', 'Kristen', '082155446622', '08125330642', 'JL. MATAHARI RT.63 NO.13 TARAKAN, KALIMANTAN UTARA', 'JL. BAUSASRAN RT.46 RW.43. NO. 931', 'SMA N 1 TARAKAN', 'TARAKAN', 10, 'S', 'Tidak ada', 'Tidak ada', 'UDANG DAN KEPITING', 'Tidak vegetarian', 'Tidak', '2015-07-03 11:36:52', '2015-07-03 15:58:46'),
(322, '12150042', 16, 'BENEDIKTUS YUDA SAPUTRA MALI', 'Laki-laki', 'Yogyakarta', '1997-04-07', '', 'Katholik', '085237819700', '082236789600', 'WETEBULA, SUMBA BARAT DAYA, NUSA TENGGARA TIMUR', 'TIMOHO', 'SMAK ST THOMAS AQUINAS', 'WETEBULA, SUMBA BARAT DAYA, NUSA TENGGARA TIMUR', 7, 'L', 'ALERGI DINGIN', 'MAAG OBAT PROMAG DARI AWAL SMA', 'Tidak ada', 'Tidak vegetarian', 'Ya', '2015-07-03 11:39:07', '2015-07-03 15:54:05'),
(323, '41150041', 12, 'HESLI SALMEN MENDA', 'Perempuan', 'NABIRE', '1996-05-14', 'O', 'Kristen', '085244977905', '081344071705', 'KELURAHAN GIRIMULYO', 'YOGYAKARTA', 'SMA YPPK ADHI LUHUR', 'NABIRE', 10, 'S', 'Tidak ada', 'MAAG', 'Tidak ada', 'Tidak vegetarian', 'Tidak', '2015-07-03 11:46:26', '2015-07-03 15:59:05'),
(324, '11150062', 13, 'KIKI MONIKA', 'Perempuan', 'DESA PIMPING', '1998-02-28', 'AB', 'Kristen', '+6282254794210', '+6281350355000', 'Desa Pimping, Rt/Rw 003/002, Kecamatan Tanjung Palas Utara, Kabupaten Bulungan, Provinsi Kalimantan Utara, Indonesia', 'Jl.Mondoliko Umbulharjo II no.769 Muja-Muju, Yogyakarta, Indonesia', 'SMA TUNAS KASIH TARAKAN', 'KOTA TARAKAN', 8, 'S', 'Tidak ada', 'Maagh ', 'Tidak ada', 'Tidak vegetarian', 'Ya', '2015-07-03 11:52:25', '2015-07-03 16:03:56'),
(325, '71150072', 7, 'MIKAEL YUDHA DEAZ PUTRA', 'Laki-laki', 'TANGERANG', '1996-09-30', 'O', 'Katholik', '085725951408', '085774030435', 'TANGERANG', 'KLENGGOTAN SRIMULYO RT 005, PIYUNGAN BANTUL', 'SMA BUDYA WACANA', 'Yogyakarta', 1, 'L', 'Tidak ada', 'Tidak ada', 'Tidak ada', 'Tidak vegetarian', 'Ya', '2015-07-03 11:57:13', '2015-07-03 16:12:19'),
(326, '61150056', 36, 'J TOBING', 'Laki-laki', 'PIMPING', '1997-06-29', 'O', 'Kristen', '085701563737', '085648643256', 'Desa Pimping kab.bulungan ', 'JL.GELAGAHSARI UH/345', 'SMA BOPKRI 2 ', 'YOGYAKARTA', 6, 'M', 'Tidak ada', 'Tidak ada', 'Tidak ada', 'Tidak vegetarian', 'Tidak', '2015-07-03 11:57:49', '2015-07-03 15:56:06'),
(327, '11150063', 27, 'devi kristina siregar', 'Perempuan', 'batam', '1996-03-17', 'AB', 'Kristen', '081270061892', '082173705010', 'baloi kolam rt 006 rw 016', 'jl gejayan kepuh 3 rt 48 rw 12 no 912', 'sma n 12 batam', 'batam', 8, 'M', 'Tidak ada', 'Tidak ada', 'Tidak ada', 'Tidak vegetarian', 'Ya', '2015-07-03 12:37:55', '2015-07-03 16:02:44'),
(328, '12150044', 18, 'HENNY NOSARINA SESA', 'Perempuan', 'SENTANI', '1997-12-15', 'A', 'Kristen', '082199562527', '085254346667', 'PEMDA PERMAI BLOK B NO 66 WAENA PERMAI', 'JALAN BABARSARI', 'SMA YPPK TERUNA BAKTI', 'JAYAPURA', 7, 'S', 'Tidak ada', 'Tidak ada', 'Tidak ada', 'Tidak vegetarian', 'Tidak', '2015-07-03 12:56:59', '2015-07-03 15:54:21'),
(329, '61150057', 23, 'FRANGKY UMBU MBANIDALUNG', 'Laki-laki', 'PRAINGKAREHA', '1998-04-16', '', 'Kristen', '085338342262', '081353780554', 'WAINGAPU, SUMBA TIMUR, NTT', 'MAGUWOHARJO, SLEMAN, YOGYAKARTA', 'SMA NEGERI 1 WAINGAPU', 'WAINGAPU', 6, 'XL', 'Tidak ada', 'Tidak ada', 'Tidak ada', 'Tidak vegetarian', 'Ya', '2015-07-03 13:04:00', '2015-07-03 15:55:50'),
(330, '61150058', 29, 'Vitri Varita Yulian Mambay', 'Perempuan', 'Jayapura', '1998-05-09', 'O', 'Kristen', '081248218947', '085354840499', 'Jalan Markisa no.26 Polimak IV Jayapura Selatan', 'Jalan Garuni 3 CT 19/D69 Kledokan', 'SMA NEGERI 5 JAYAPURA', 'Jayapura', 6, 'M', 'Tidak ada', 'Tidak ada', 'Tidak ada', 'Tidak vegetarian', 'Ya', '2015-07-03 13:08:12', '2015-07-03 15:55:16'),
(331, '11150064', 26, 'kenny prahara ndapanadjar', 'Laki-laki', 'waingapu', '1999-01-01', 'B', 'Kristen', '081246882009', '081339130333', 'waikabubak jln: basuki rahmat no:2', 'jln mojo 2', 'sma kristen waikabubak', 'waikabubak', 8, 'S', 'dingin', 'Tidak ada', 'Tidak ada', 'Tidak vegetarian', 'Tidak', '2015-07-03 13:52:41', '2015-07-03 16:03:29'),
(332, '71150074', 3, 'ricky isnawan', 'Laki-laki', 'Yogyakarta', '1995-01-19', 'A', 'Kristen', '085600004377', '085702003943', 'jogonegaran gt 1 no 964 yogyakarta', 'yogyakarta gt 1 no 964 yogyakarta', 'SMA Kristen 1', 'Salatiga', 1, 'L', 'Tidak ada', 'maag', 'Tidak ada', 'Tidak vegetarian', 'Tidak', '2015-07-03 13:53:22', '2015-07-03 16:12:41'),
(333, '01150044', 35, 'DIAN ANASTARIA PELLE', 'Perempuan', 'PALU', '1997-01-24', 'A', 'Kristen', '085299080197', '082193566181', 'Desa Dodolo Kec. Rampi Kab. Luwu Utara Provinsi Sulawesi Selatan', 'Jalan Johar Nurhadi no 9 Kotabaru, Wisma Anging Mammiri Sulawesi Selatan Yogyakarta ', 'SMA NEGRI 1 MASAMBA ', 'MASAMBA ', 4, 'S', 'Tidak ada', 'Tumor Pembuluh Darah ', 'Udang', 'Tidak vegetarian', 'Ya', '2015-07-03 14:19:52', '2015-07-03 16:13:31'),
(334, '01150045', 2, 'ADINDA ANGGDIA', 'Perempuan', 'JEMBER', '1997-04-29', 'O', 'Kristen', '085731016792', '085745812505', 'JL. YOS SUDARSO 66 SIDORENO, KENCONG', 'ASRAMA UKDW', 'SMA N 1 KENCONG', 'KENCONG', 4, 'S', 'Tidak ada', 'Tidak ada', 'Tidak ada', 'Tidak vegetarian', 'Ya', '2015-07-06 10:00:30', '2015-07-06 15:36:44'),
(335, '41150045', 20, 'EUNIKE FARALIA PRADHITA', 'Perempuan', 'SEMARANG', '1998-02-26', 'AB', 'Kristen', '087832507622', '081325783172', 'VILA KRISTI E-7 GEDAWANG, BANYU MANIK, SEMARANG', '-', 'SMA SEDES SAPIENTIAE', 'SEMARANG', 10, 'S', 'Tidak ada', 'TIPUS', 'Tidak ada', 'Tidak vegetarian', 'Ya', '2015-07-06 10:03:00', '2015-07-06 15:30:48'),
(336, '31150031', 30, 'bella saalino', 'Perempuan', 'muara badak', '1997-02-27', '', 'Kristen', '082353276038', '08125877384', 'jln pongtiku kabupaten kutaikartanegara', 'perum MBS Condong catur Nomor 107', 'SMA', 'Muara Badak', 3, 'S', 'Tidak ada', 'Tidak ada', 'Tidak ada', 'Tidak vegetarian', 'Ya', '2015-07-06 10:10:37', '2015-07-06 15:28:06'),
(338, '41150044', 31, 'KOMANG SRIGHANDI UTAMI ULIANA', 'Perempuan', 'WAINGAPU', '1996-06-20', 'B', 'Hindu', '081238716595', '081337967818', 'KAMBANIRU,KEC KAMBERA KABUPATEN SUMBA TIMUR-NTT', 'JLN.SAREN GG.NANGKA NO.84B CATUR TUNGGAL,DEPOK SLEMAN YOGYAKARTA', 'SMA NEGERI 1 WAINGAPU', 'WAINGAPU', 10, 'S', 'Tidak ada', 'Tidak ada', 'Tidak ada', 'Tidak vegetarian', 'Ya', '2015-07-06 10:19:21', '2015-07-06 15:31:02'),
(339, '11150066', 21, 'samuel philip kayadu', 'Laki-laki', 'biak', '1994-03-28', 'B', 'Kristen', '081239619761', '081344214095', 'bali kompleks meteo utara no 1 tuban kuta', 'jln babarsari tambakbayan 4 no 6b', 'sma n 3 ambon', 'ambon', 8, 'L', 'Tidak ada', 'Tidak ada', 'Tidak ada', 'Tidak vegetarian', 'Tidak', '2015-07-06 11:18:07', '2015-07-06 15:35:12'),
(340, '61150060', 4, 'Adrianus Bramantyo Arthur Nainggolan', 'Laki-laki', 'Cirebon', '1989-07-05', 'AB', 'Katholik', '08567576778', '087829019323', 'Jl. Ketilang 8 No. 162 Cirebon', 'Yogyakarta', 'SMA Santa Maria 1', 'Cirebon', 6, 'M', 'Tidak ada', 'Tidak ada', 'Seafood', 'Tidak vegetarian', 'Ya', '2015-07-06 11:21:48', '2015-07-06 15:25:43'),
(341, '41150024', 10, 'Alexander Mahesa Indiraka Istiadji', 'Laki-laki', 'Yogyakarta ', '1996-06-10', 'A', 'Katholik', '087838221977', '087838804888', 'Jl. HOS Cokroaminoto no. 225', 'Jl. HOS Cokroaminoto no.225', 'SMA Kolese De Britto Yogyakarta', 'Yogyakarta', 10, 'S', 'Debu', 'Tidak ada', 'Tidak ada', 'Tidak vegetarian', 'Tidak', '2015-07-06 12:02:46', '2015-07-06 15:33:11'),
(342, '41150047', 36, 'Ester Novitasari', 'Perempuan', 'Surakarta', '1997-11-29', 'A', 'Kristen', '085865260104', '085865260241', 'Jl. Diponegoro no. 121, Purwodadi, Grobogan, Jawa Tengah', '', 'Regina Pacis', 'Surakarta', 10, 'XL', 'Tidak ada', 'Tidak ada', 'Tidak ada', 'Tidak vegetarian', 'Tidak', '2015-07-06 12:03:11', '2015-07-06 15:31:16'),
(343, '41150048', 13, 'ADITYA DWI PUTRA BOMBING', 'Laki-laki', 'BERU-BERU', '1996-07-24', 'O', 'Kristen', '082190171733', '081355544468', 'JL. BAU MASSEPE NO. 51 MAMUJU', 'YOGYAKARTA', 'SMA NEGERI 17 MAKASSAR', 'MAKASSAR', 10, 'L', 'Tidak ada', 'Tidak ada', 'Tidak ada', 'Tidak vegetarian', 'Ya', '2015-07-06 12:15:23', '2015-07-06 15:33:27'),
(344, '71150037', 12, 'FIKTOR MIJORO', 'Laki-laki', 'TOGEREBA TUA', '1997-06-27', 'A', 'Kristen', '085601489718', '081245567153', 'DESA TOGEREBA TUA', '', 'SMA KRISTEN EBEN HAEZER IBU', 'HALMAHERA BARAT', 1, 'S', 'DINGIN', 'PATA TULANG (TANGAN KIRI)', 'SEAFOOD', 'Tidak vegetarian', 'Ya', '2015-07-06 12:42:27', '2015-07-06 15:35:41'),
(345, '71150075', 15, 'ARIF NOVIANTA BUSONO', 'Laki-laki', 'KEBUMEN', '1996-11-06', 'A', 'Kristen', '085777978081', '081328178258', 'JALAN YOS SUDARSO NO.176 GOMBONG', '', 'SMK NEGERI 1 GOMBONG', 'KEBUMEN', 1, 'M', 'Tidak ada', 'MAG', 'Tidak ada', 'Tidak vegetarian', 'Ya', '2015-07-06 13:03:58', '2015-07-06 15:35:54'),
(346, '11150067', 23, 'GABRIELLA HELMI TIRAYOH', 'Perempuan', 'P0S0', '1996-05-14', 'O', 'Kristen', '082348470937', '081341038581', 'P0S0 SULAWESI TENGAH', 'CEPIT BARU RT 06 RW 38', 'SMA NEGERI 2 POSO', 'POSO', 8, 'S', 'Tidak ada', 'Tidak ada', 'UDANG', 'Tidak vegetarian', 'Ya', '2015-07-06 13:27:43', '2015-07-06 15:34:54'),
(347, '61150061', 1, 'alvio bayudha haris damara', 'Laki-laki', 'girimulya', '1997-07-11', 'A', 'Islam', '081278042293', '081373354017', 'jl.wijaya kusuma rt.04 rw.02 desa girimulya kec.girimulya,kab.bengkulu utara,prov.Bengkulu', 'jl.gondosuli uh 1/483 kec.umbulharjo', 'SMAN 2 KOTA BENGKULU', 'Bengkulu', 6, 'L', 'Tidak ada', 'Tidak ada', 'Tidak ada', 'Tidak vegetarian', 'Tidak', '2015-07-06 13:42:23', '2015-07-06 15:26:00'),
(348, '31150033', 9, 'PRILLY PETRONELA MAGDALENA DUMATUBUN', 'Perempuan', 'KOUH', '1998-04-02', 'O', 'Katholik', '085244783927', '081344277686', 'JLN.RAYA MANDALA MERAUKE-PAPUA', 'JLN.SAGAN', 'SMA NEGERI 1 MERAUKE', 'MERAUKE', 3, 'XL', 'Tidak ada', 'Tidak ada', 'Tidak ada', 'Tidak vegetarian', 'Ya', '2015-07-06 13:58:33', '2015-07-06 15:27:29'),
(349, '41150051', 19, 'JEOVAN FILLANDRO DEWANTA SETYAWAN', 'Laki-laki', 'SALATIGA', '1997-04-19', 'A', 'Kristen', '085741166322', '089652076537', 'PURI SALATIGA NO 12, SALATIGA', '-', 'SMA TARUNA NUSANTARA MAGELANG', 'MAGELANG', 10, 'M', 'Tidak ada', 'Tidak ada', 'Tidak ada', 'Tidak vegetarian', 'Ya', '2015-07-07 10:04:03', '2015-07-07 15:44:02'),
(350, '12150045', 22, 'benny marojahan simanjuntak', 'Laki-laki', 'Nabire', '1996-11-03', 'A', 'Kristen', '081248821414', '081210307693', 'karang mulia', 'perumahan candi indah', 'SMA YPK tabernakel', 'Nabire,papua', 7, 'S', 'Tidak ada', 'Tidak ada', 'Tidak ada', 'Tidak vegetarian', 'Tidak', '2015-07-07 10:29:43', '2015-07-07 15:37:51'),
(351, '12150041', 39, 'Yohana Wetapo', 'Perempuan', 'Wamena', '1996-04-18', 'O', 'Kristen', '081344566858', '085197136997', 'Jl.proyek perumnas 2 waena jayapura', 'Babarsari kpi asem bagus kledokan catur tunggal 19', 'SMA YPPK TERUNA BAKTI JAYAPURA', 'JAYAPURA', 7, 'S', 'Tidak ada', 'Tidak ada', 'Tidak ada', 'Tidak vegetarian', 'Ya', '2015-07-07 11:35:31', '2015-07-07 15:37:25'),
(352, '61150062', 26, 'JOANNIE SHARON RAULE', 'Perempuan', 'TAHUNA', '1997-06-09', 'O', 'Kristen', '082193178112', '085341122344', 'SULAWESI UTARA', 'SAGAN', 'SMA KRISTEN EBEN HEAZER', 'MANADO', 6, 'S', '-', '-', '-', '-', 'Ya', '2015-07-07 11:35:46', '2015-07-07 15:40:59'),
(353, '71150076', 20, 'JOAO PIRES DA CRUZ XIMENES', 'Laki-laki', 'TIMOR LESTE', '1994-12-14', 'O', 'Katholik', '081238195317', '+67078290380', 'BAUCAU, TIMOR LESTE', 'KLITREN LOR GK3/73K RT03/01', 'SANTO ANTONIO ', 'BAUCAU TIMOR LESTE', 1, 'M', 'Tidak ada', 'PATAH TULANG', 'Tidak ada', 'Tidak vegetarian', 'Tidak', '2015-07-07 11:50:58', '2015-07-07 15:45:36'),
(354, '12150046', 32, 'LEONEL MARIA LU', 'Laki-laki', 'BAUCAU,TIMOR-LESTE', '1993-09-26', 'B', 'Katholik', '081238195186', '+67078302189', 'BAUCAU, TIMOR-LESTE', 'KLITERAN LOR GK3/73A RT03/01', 'BAUCAU TIMOR-LESTE', 'TEULALE BAUCAU', 7, 'M', 'DEBU SAMA ASAP ROKOK', 'RINGS', 'UDANG', 'Tidak vegetarian', 'Tidak', '2015-07-07 11:53:15', '2015-07-07 15:38:32'),
(355, '11150068', 29, 'Natanael Dito P', 'Laki-laki', 'SLEMAN', '1996-12-18', '', 'Kristen', '089531112458', '081915545322', 'JL KALIURANG KM 12.5 DUSUN LOSARI RT 01 RW 10 SUKOHARJO NGAGLIK SLEMAN', 'SAGAN WETAN 1169', 'SMA BUDYA WACANA', 'YOGYAKARTA', 8, 'L', 'Tidak ada', 'Tidak ada', 'Tidak ada', 'vegetarian', 'Ya', '2015-07-07 12:11:32', '2015-07-07 15:44:35'),
(356, '61150064', 28, 'ery junita marbun', 'Perempuan', 'manokwari', '1995-06-11', 'B', 'Katholik', '085244742688', '082271657153', 'Jl. Serayu sanggeng', '', 'SMK NEGERI 02 MANOKWARI', 'MANOKWARI', 6, 'XL', 'Tidak ada', 'asma', 'Tidak ada', 'Tidak vegetarian', 'Ya', '2015-07-07 13:46:48', '2015-07-07 15:41:37'),
(357, '61150065', 33, 'ROKAP SRY REZEKI PAKPAHAN', 'Perempuan', 'TARUTUNG', '1995-07-08', 'O', 'Kristen', '082225976763', '081220827695', 'JLN. UTAUM BANDARA, KAIMANA, PAPUA BARAT', '', 'SMA NEGERI 1 KAIMANA', 'KAIMANA, PAPUA BARAT', 6, 'XL', 'BAHAN KIMIA [OBAT] YANG PAHIT\r\nCUACA PANCAROBA/CUACA YANG TIDAK MENENTU.', 'MALARIA 2013', 'KEJU, TERONG, KETIMUN, WOL, ', 'Tidak vegetarian', 'Ya', '2015-07-07 13:49:13', '2015-07-07 15:43:17'),
(358, '61150059', 16, 'HARINA BEATRIX FERNANDA AINAGA', 'Perempuan', 'SENTANI', '1997-02-21', 'O', 'Kristen', '081240651314', '081344671212', 'JL. BANDARA SENTANI NO 03 KAB JAYAPURA, PAPUA', 'JL. KRASAK NO 18 YOGYAKARTA', 'SMA NEGERI 3 JAYAPURA', 'WAENA, JAYAPURA', 6, 'L', 'Tidak ada', 'ASMA', 'Tidak ada', 'Tidak vegetarian', 'Tidak', '2015-07-08 10:10:38', '2015-07-08 15:33:15'),
(359, '61140097', 17, 'joao nixon nunes', 'Laki-laki', 'dili', '1995-12-14', '', 'Katholik', '082220038025', '081226820404', 'timor leste', 'jl.sanggrahan,maguwoharjo', 'colegio paulo VI', 'dili', 6, 'empty', 'Tidak ada', 'Tidak ada', 'Tidak ada', 'Tidak vegetarian', 'Tidak', '2015-07-08 10:15:44', '2015-07-08 15:31:50'),
(360, '41150019', 7, 'YEMIMA KENIA ATMAJA', 'Perempuan', 'KAB. SEMARANG', '1997-04-10', 'AB', 'Kristen', '081352597722', '081340640303', 'PERUMAHAN GRIYA ARGO KENCANA NO. 52 UNGARAN, SEMARANG', '', 'SMA SEDES SAPIENTIAE SEMARANG', 'SEMARANG', 10, 'XL', 'Tidak ada', 'Tidak ada', 'Tidak ada', 'Tidak vegetarian', 'Tidak', '2015-07-08 10:22:48', '2015-07-08 15:35:48'),
(361, '31150034', 26, 'Lusiana Dian Anjarsari', 'Perempuan', 'Yogyakarta', '1997-07-22', 'O', 'Katholik', '085768466230', '085768307174', 'Jl. Tunjung Baru 24 Yogyakarta', 'Jl. Tunjung Baru 24 Yogyakarta ', 'SMA Stella Duce 2 Yk', 'Yogyakarta', 3, 'S', 'Tidak ada', 'Tidak ada', 'Tidak ada', 'Tidak vegetarian', 'Ya', '2015-07-08 10:44:38', '2015-07-08 15:34:45'),
(362, '71150010', 1, 'Angela Chandra Sangkala', 'Perempuan', 'Sleman', '1996-11-23', 'O', 'Katholik', '089636184942', '081229144110', 'Jalan Pemuda Nomer 14 Kebumen', 'Klitren', 'SMA Tarakanita Magelang ', 'Magelang', 1, 'M', 'Tidak ada', 'Saraf tulang belakang terjepit (HNP)', 'Tidak ada', 'Tidak vegetarian', 'Ya', '2015-07-08 11:49:44', '2015-07-08 15:39:14'),
(363, '72150038', 17, 'Nycholas Beatus Ariputra Lewar', 'Laki-laki', 'BAJAWA', '1997-04-19', 'A', 'Katholik', '081252547951', '081339456436', 'MBAY-PAUDO,Flores-NTT', 'JANTI-Gg.Kemuning', 'SMAK Syuradikara', 'ENDE', 2, 'L', 'Tidak ada', 'Asma', 'Tidak ada', 'Tidak vegetarian', 'Tidak', '2015-07-08 11:50:39', '2015-07-08 15:38:06'),
(364, '11150006', 6, 'REVAN ARDIANTO', 'Laki-laki', 'SRAGEN', '1996-10-13', 'A', 'Kristen', '085647512177', '081328513333', 'JALAN BERINGIN II NO. 1A MAGELANG SELATAN 56125', 'KLITREN', 'SMA TARAKANITA MAGELANG', 'MAGELANG', 8, 'XL', 'Tidak ada', 'RETAK TULANG', 'Tidak ada', 'Tidak vegetarian', 'Tidak', '2015-07-08 11:55:26', '2015-07-08 15:36:32'),
(365, '11150005', 15, 'Fransisca Kurniasari', 'Perempuan', 'Magelang', '1997-09-22', 'O', 'Kristen', '085640676747', '08164229284', 'Jl.P.Senopati no 14 Magelang', 'klitren', 'Tarakanita', 'Magelang', 8, 'S', 'Debu', 'asma', 'Udang', 'Tidak vegetarian', 'Tidak', '2015-07-08 11:57:16', '2015-07-08 15:37:36'),
(366, '12150031', 3, 'maria indriyanti keiya', 'Perempuan', 'nabire', '1996-05-10', 'B', 'Katholik', '082306586000', '082199426006', 'nabire , jln kali harapan', 'gedong kuning', 'sma negeri 1 nabire', 'nabire papua', 7, 'S', 'Tidak ada', 'Tidak ada', 'Tidak ada', 'Tidak vegetarian', 'Ya', '2015-07-08 12:02:42', '2015-07-08 15:30:42'),
(367, '71150077', 6, 'natasha bunga arindaputri', 'Perempuan', 'sleman', '1997-02-07', 'O', 'Katholik', '087839311009', '08122701971', 'rejoinangun maguwoharjo depok sleman yogyakarta no 132', 'rejoinangun maguwoharjo depok sleman yogyakarta no 132', 'sma bopkri 2 yogyakarta', 'Yogyakarta', 1, 'S', 'Tidak ada', 'Tidak ada', 'Tidak ada', 'Tidak vegetarian', 'Tidak', '2015-07-08 12:08:04', '2015-07-08 15:39:09'),
(368, '71150015', 35, 'Gamalael Wahyu Cakraningrat', 'Laki-laki', 'Jakarta', '1997-03-02', '', 'Kristen', '087809426583', '087808872181', 'Graha Raya , GR.8 . Tangerang Selatan', 'Yogyakarta', 'SMK Bina Informatika', 'Tangerang', 1, 'XL', 'Tidak ada', 'Tifus', 'Tidak ada', 'Tidak vegetarian', 'Tidak', '2015-07-08 12:09:53', '2015-07-08 15:40:21'),
(369, '71150008', 8, 'DIO PRAMANTHA', 'Laki-laki', 'TARAKAN', '1998-03-19', 'O', 'Kristen', '081253672282', '081253672255', 'TARAKAN', 'JOGJA', 'SMA NEGERI 2 TARAKAN', 'TARAKAN', 1, 'XXXL', 'Tidak ada', 'Tidak ada', 'Tidak ada', 'Tidak vegetarian', 'Tidak', '2015-07-08 12:11:42', '2015-07-08 15:40:16'),
(370, '31150032', 28, 'christin merlina wattimury', 'Perempuan', 'serui', '1997-05-06', 'A', 'Kristen', '082397346202', '085343323106', 'jalan jendral sudirman serui', 'jalan ampel', 'SMA NEGERI 1 SERUI', 'SERUI', 3, 'S', 'Tidak ada', 'Tidak ada', 'Tidak ada', 'Tidak vegetarian', 'Tidak', '2015-07-08 12:18:57', '2015-07-08 15:34:59'),
(371, '11150069', 14, 'yohANIS.MICIBAROE', 'Laki-laki', 'FAK-FAK', '1996-10-04', 'A', 'Kristen', '081240398388', '085354107131', 'JLN.BAYANGKARA RT10 RW2', 'JLN.DR.SUTOMO', 'SMA ADVENT DOYO BARU', 'JAYAPURA', 8, 'L', 'Tidak ada', 'Tidak ada', 'Tidak ada', 'Tidak vegetarian', 'Tidak', '2015-07-08 12:42:17', '2015-07-08 15:37:10'),
(372, '61150066', 8, 'KEZIA FEBICALISTA ONI BAIGAR', 'Perempuan', 'SLEMAN', '1997-02-24', 'O', 'Kristen', '08989298910', '081328891917', 'JENENGAN RT 001 / RW 007, MAGUWOHARJO, DEPOK, SLEMAN', 'JENENGAN RT 001 / RW 007, MAGUWOHARJO, DEPOK, SLEMAN', 'SMA BOPKRI 1', 'YOGYAKARTA', 6, 'S', 'Tidak ada', 'Tidak ada', 'IKAN TONGKOL', 'Tidak vegetarian', 'Tidak', '2015-07-08 12:54:44', '2015-07-08 15:33:38'),
(373, '71150017', 13, 'ADIEL JULIO', 'Laki-laki', 'SURAKART', '1996-07-28', 'B', 'Kristen', '085728661110', '081567884888', 'JL. NOTODININGRATAN NO 111B RT4/RW4 KEMLAYAN, SERENGAN, SURAKARTA', '', 'SMA REGINA PACIS', 'SURAKARTA', 1, 'L', 'Tidak ada', 'Tidak ada', 'Tidak ada', 'Tidak vegetarian', 'Ya', '2015-07-08 13:12:44', '2015-07-08 15:40:13'),
(374, '71150078', 29, 'nico hutama kristanto', 'Laki-laki', 'magelang', '1996-12-26', 'B', 'Kristen', '085794112244', '0811280814', 'jl. aip mungkar no.38 parakan ,temanggung', 'lempuyangan', 'sma widya wacana', 'secang', 1, 'L', 'Tidak ada', 'Tidak ada', 'Tidak ada', 'Tidak vegetarian', 'Ya', '2015-07-08 14:02:01', '2015-07-08 15:40:09'),
(375, '61150063', 5, 'christofel pilemon monim', 'Laki-laki', 'wamena', '1997-06-24', 'AB', 'Kristen', '082398575397', '085344786438', 'jln. hom-hom no.74', '', 'sma yppk st. thomas ', 'wamena', 6, 'L', 'Tidak ada', 'Tidak ada', 'Tidak ada', 'Tidak vegetarian', 'Tidak', '2015-07-08 14:24:45', '2015-07-08 15:32:31'),
(376, '61150067', 18, 'Reynold Noya', 'Laki-laki', 'Ambon', '1997-09-04', 'B', 'Kristen', '081391959650', '081343469844', 'Ambon, jln dr. kayadoe', 'klitren', 'SMA negeri 12 Ambon', 'Ambon', 6, 'M', 'Tidak ada', 'Maag', 'Tidak ada', 'Tidak vegetar', 'Tidak', '2015-07-08 14:47:45', '2015-07-08 15:34:05'),
(377, '41150023', 21, 'SENDY TAMPUBOLON', 'Perempuan', 'MANOKWARI', '1997-02-05', 'O', 'Kristen', '081248695552', '081248582508', 'JL KRI NALA NO 18 AMBAN', 'JL PALENGKUNG GADING', 'SMA NEGRI 1', 'MANOKWARI', 10, 'S', 'Tidak ada', 'Tidak ada', 'Tidak ada', 'Tidak vegetarian', 'Tidak', '2015-07-09 10:32:48', '2015-07-09 15:23:07'),
(378, '01150046', 12, 'FEBRIAN DWIKI FIRMANDA', 'Laki-laki', 'JOMBANG', '1997-02-24', 'B', 'Kristen', '085731610302', '081335764249', 'JL. TUMPAK MANIS IA/1, MANISREJO, MADIUN', 'ASRAMA UKDW', 'SMK N 1 MADIUN', 'MADIUN', 4, 'M', 'Tidak ada', 'Tidak ada', 'Tidak ada', 'Tidak vegetarian', 'Tidak', '2015-07-09 10:35:55', '2015-07-09 15:27:17'),
(379, '41150052', 24, 'MARIA CHRISTINA PRABOWO', 'Perempuan', 'PEKALONGAN', '1997-12-22', 'B', 'Katholik', '081914147004', '087830048910', 'JL. GAJAH MADA NO. 15, PEKALONGAN', 'JL, SUPADHI NO.11 YOGYAKARTA', 'SMA N 1 PEKALONGAN', 'PEKALONGAN', 10, 'S', 'Tidak ada', 'MAAG', 'Tidak ada', 'VEGE [BAWA MAKAN SENDIRI]', 'Tidak', '2015-07-09 10:39:22', '2015-07-09 15:22:59'),
(380, '11150059', 3, 'fernando juan mulo', 'Laki-laki', 'tobelo', '1997-06-07', 'AB', 'Kristen', '081370864340', '085397250422', 'KOTA/TOBELO/KAB.HALMAHERAH UTARA/PROV.MALUKU UTARA', 'SETURAN', 'SMA KRISTEN TOBELO', 'TOBELO/MALUKU UTARA', 8, 'M', 'Tidak ada', 'MAAG', 'Tidak ada', 'Tidak vegetarian', 'Ya', '2015-07-09 11:22:21', '2015-07-09 15:24:55'),
(381, '61150033', 10, 'Marcella Steffi', 'Perempuan', 'Jakarta', '1997-01-10', 'O', 'Kristen', '088268098744', '081272000749', 'Jl. Way Umpu no.28 ,Pahoman, Bandarlampung\r\n\r\n\r\n', '', 'SMA Xaverius Bandarlampung', 'Bandarlampung', 6, 'S', 'Tidak ada', 'Tidak ada', 'Tidak ada', 'Tidak vegetarian', 'Tidak', '2015-07-09 11:27:56', '2015-07-09 15:21:19'),
(382, '41150053', 39, 'Isabella Diah Ayu Laraswati', 'Perempuan', 'Semarang', '1997-04-18', 'AB', 'Katholik', '085712235210', '081904423572', 'Jalan Candi Lama RT 01 RW X Semarang', 'Yogjakarta', 'SMA PL Don Bosko', 'Semarang', 10, 'S', 'Tidak ada', 'Tifus', 'Tidak ada', 'Tidak vegetarian', 'Ya', '2015-07-09 11:52:51', '2015-07-09 15:22:48'),
(383, '72150006', 5, 'Samuel indra wijaya', 'Laki-laki', 'kudus', '1997-10-21', 'O', 'Kristen', '085741422963', '085725836677', 'Perum Muria Indah Blok g no 512', 'klitren lor gk3', 'SMA Masehi Kudus', 'Kudus', 2, 'XL', 'Tidak ada', 'Tidak ada', 'Tidak ada', 'Tidak vegetarian', 'Tidak', '2015-07-09 11:55:09', '2015-07-09 15:25:46'),
(384, '12150005', 10, 'Yehezkiel Rivaldo Wijaya', 'Laki-laki', 'Kudus', '1997-10-08', 'O', 'Kristen', '087831222178', '085740624124', 'Jalan Kudus-Jepara perumahan muria asri gg4 no 127 kudus', 'Klitren Lor Gk3', 'SMA Masehi Kudus', 'KUDUS', 7, 'L', 'Tidak ada', 'Tidak ada', 'Tidak ada', 'Tidak vegetarian', 'Tidak', '2015-07-09 12:00:02', '2015-07-09 15:19:54'),
(385, '71150049', 16, 'YOSUA DWI WICAKSONO', 'Laki-laki', 'JAYAPURA', '1997-07-05', 'B', 'Kristen', '081344187054', '08114802156', 'JALAN KARYA TANAH HITAM KELURAHAN  ASANO ABEPURA RT 03RW01 JAYAPURA PAPUA ', 'PAINGAN MAGUWOHARJO', 'SMA NEGERI 4 JAYAPURA', 'jayapura sentani', 1, 'M', 'Tidak ada', 'Tidak ada', 'Tidak ada', 'Tidak vegetarian', 'Ya', '2015-07-09 12:25:29', '2015-07-09 15:26:18'),
(386, '41150054', 18, 'RUTH PRILIA GITASARI', 'Perempuan', 'BANJARBARU', '1997-04-22', 'O', 'Kristen', '085729323716', '0818251721', 'PERUMAHAN MARGOREJO ASRI M.16 RT 01 RW 30 TEMPEL, SLEMAN, YOGYAKARTA', 'PERUMAHAN MARGOREJO ASRI M.16 RT 01 RW 30 TEMPEL, SLEMAN, YOGYAKARTA', 'SMA TARUNA NUSANTARA MAGELANG', 'MAGELANG', 10, 'S', 'Tidak ada', 'Tidak ada', 'Tidak ada', 'Tidak vegetarian', 'Ya', '2015-07-09 12:54:24', '2015-07-09 15:22:35'),
(387, '11150008', 28, 'Aldo Mandala Saputra', 'Laki-laki', 'Kudus', '1997-03-15', 'O', 'Kristen', '087831755890', '082227568440', 'Jalan HOS Cokroaminoto gang 8 No.40 Desa Mlati Norowito, Kudus', 'Sagan', 'SMA Masehi Kudus', 'Kudus', 8, 'M', 'Tidak ada', 'Lupus', 'Tidak ada', 'Tidak vegetarian', 'Ya', '2015-07-09 13:21:16', '2015-07-09 15:24:58'),
(388, '71150079', 11, 'Dariel Lambert Wahyudiono', 'Laki-laki', 'Su', '1997-06-03', 'O', 'Kristen', '082300009508', '085634231110', 'Jalan Kabupaten, Trihanggo, Dusun Biru Sleman', 'Jalan Kabupaten, Trihanggo, Dusun Biru Sleman', 'SMA Budya Wacana', 'Yogyakarta', 1, 'M', 'Tidak ada', 'Pernah maag', 'Tidak ada', 'Tidak vegetarian', 'Tidak', '2015-07-09 13:28:19', '2015-07-09 15:26:27'),
(389, '11150072', 25, 'luke christiadi wiloso', 'Laki-laki', 'banda aceh', '1992-12-03', 'O', 'Kristen', '087738465744', '081367787515', 'wb I /795 rt 046 rw 010 - gampingan pakunchen -wirobrajan -yogyakarta', 'wb I /795 rt 046 rw 010 - gampingan pakunchen -wirobrajan -yogyakarta', 'SMA BOPKRI 2 YOGYAKARTA', 'YOGYAKARTA', 8, 'XL', 'Tidak ada', 'sakit maag', 'Tidak ada', 'Tidak vegetarian', 'Ya', '2015-07-09 15:07:30', '2015-07-09 15:25:02'),
(390, '01150047', 19, 'ABDIELA WIDYA PUSPITASARI', 'Perempuan', 'SIDOARJO', '1999-01-07', '', 'Kristen', '085649804591', '087853883132', 'WIYUNG DPR GANG KANIMAN NO. 19, SURABAYA', 'ASRAMA UKDW', 'SMA N 9 SURABAYA', 'SURABAYA', 4, 'S', 'Tidak ada', 'Tidak ada', 'Tidak ada', 'Tidak vegetarian', 'Ya', '2015-07-10 10:27:52', '2015-07-10 17:01:18'),
(391, '11150009', 32, 'PHILAS MARADITYA ANATO', 'Laki-laki', 'KUNINGAN', '1997-05-19', 'O', 'Kristen', '089619781976', '085797450001', 'JL SILIWANGI 69 LAME 1 NO. 38 CIJOHO KUNINGAN JAWA BARAT', '', 'SMA N 2 KUNINGAN', 'KUNINGAN', 8, 'M', 'Tidak ada', 'Tidak ada', 'Tidak ada', 'Tidak vegetarian', 'Tidak', '2015-07-10 10:31:52', '2015-07-10 17:04:20'),
(392, '72150039', 8, 'JHIANE ARFA IRENE WOLLAH', 'Perempuan', 'TANJUNG SELOR', '1997-07-30', 'O', 'Kristen', '081325303431', '081347572580', 'JL MT. HARYONO NO 38 RT 19 RW III, KAB, BULUNGAN TANJUNG SELOR, KALTIM', 'JL PERUMNAS SETURAN 141 CATUR TUNGGAL, SLEMAN, YOGYAKARTA', 'SMA N 1 TANJUNG SELOR', 'TANJUNG SELOR', 2, 'S', 'Tidak ada', 'MAAG', 'Tidak ada', 'Tidak vegetarian', 'Tidak', '2015-07-10 10:35:38', '2015-07-10 17:03:53'),
(393, '41150005', 30, 'PRADIPTA PUTRAMACHRISTY BARARINDA', 'Laki-laki', 'YOGYAKARTA', '1997-03-16', 'A', 'Kristen', '085747981941', '081226388655', 'JALAN SEMANGU 102, RT.3 RW.1 REJOWINANGUN, KOTAGEDE, YOGYAKARTA', 'JALAN SEMANGU 102, RT.3 RW.1 REJOWINANGUN, KOTAGEDE, YOGYAKARTA', 'SMA NEGERI 9 YOGYAKARTA', 'YOGYAKARTA', 10, 'M', 'Tidak ada', 'Tidak ada', 'Tidak ada', 'Tidak vegetarian', 'Tidak', '2015-07-10 10:36:10', '2015-07-10 17:04:29'),
(394, '01150048', 27, 'YOSUA BOBY WIJAYA', 'Laki-laki', 'TULUNGAGUNG,', '1995-11-15', 'AB', 'Kristen', '089621752579', '0813373388', 'JALAN PANGLIMA SUDIRMAN 14H, TULUNGAGUNG', 'ASRAMA TEOLOGI', 'TULUNGAGUNG', 'TULUNGAGUNG', 4, 'M', 'Tidak ada', 'Tidak ada', 'Tidak ada', 'Tidak vegetarian', 'Tidak', '2015-07-10 10:46:50', '2015-07-10 17:05:01'),
(395, '72150020', 6, 'BRAMASTYA HANINDYA JATI', 'Laki-laki', 'SUKOHARJO', '1997-04-08', 'O', 'Kristen', '087736100183', '0818254548', 'JOMBOR INDAH RT 5 RW 3 BENDOSARI SUKOHARJO', '', 'SMA KRISTEN 1 SURAKARTA', 'SURAKARTA', 2, 'M', 'Tidak ada', 'Tidak ada', 'Tidak ada', 'Tidak vegetarian', 'Tidak', '2015-07-10 10:59:18', '2015-07-10 17:05:43'),
(396, '61150011', 30, 'RENITA ROSALINA MENDONCA JERONIMO', 'Perempuan', 'DILI,TIMOR LESTE', '1996-02-03', 'A', 'Katholik', '081227070358', '+67077443763', 'TIMOR LESTE DILI', 'JALAN BABARSARI KOMPLEKS YADARA BLOK 5 NO 3', 'SECUNDARIA 1912 SAME TIMOR LESTE', 'SAME TIMOR LESTE', 6, 'S', 'Tidak ada', 'Tidak ada', 'Tidak ada', 'Tidak vegetarian', 'Tidak', '2015-07-10 11:31:12', '2015-07-10 17:06:26'),
(397, '71150005', 37, 'MICHELL BERNARDI SUSANTO', 'Laki-laki', 'YOGYAKARTA', '1997-09-01', 'O', 'Katholik', '02742182074', '08122720476', 'JALAN SURYAWIJAYAN 95 YOGYAKARTA', 'JALAN SURYAWIJAYAN 95 YOGYAKARTA', 'SMA BOPKRI 1 YOGYAKARTA', 'YOGYAKARTA', 1, 'M', 'Tidak ada', 'Tidak ada', 'Tidak ada', 'Tidak vegetarian', 'Ya', '2015-07-10 11:57:12', '2015-07-10 17:06:52'),
(398, '71150026', 36, 'BHERNARDIN ERRYCO GAGAH PATTRISKAK', 'Laki-laki', 'SLEMAN', '1997-05-03', 'O', 'Katholik', '085753120000', '08159950084', 'PERUM SAKA PERMAI A25 PLUMBON SARDONOHARJO NGAGLIK SLEMAN', 'PERUM SAKA PERMAI A25 PLUMBON SARDONOHARJO NGAGLIK SLEMAN', 'SMA BOPKRI 1 YOGYAKARTA', 'YOGYAKARTA', 1, 'M', 'Tidak ada', 'Tidak ada', 'Tidak ada', 'Tidak vegetarian', 'Ya', '2015-07-10 12:01:05', '2015-07-10 17:07:34'),
(399, '41150007', 15, 'Martinus Bagas Hogantara Padmanaba', 'Laki-laki', 'Klaten', '1997-04-14', 'O', 'Katholik', '082136785555', '081328085555', 'Jl.Raya Selatan 42 Wedi Klaten', 'Jl.Kalimantan 20 A', 'SMA N 1 Klaten', 'Klaten', 10, 'L', 'Tidak ada', 'Tidak ada', 'Tidak ada', 'Tidak vegetarian', 'Tidak', '2015-07-10 12:24:29', '2015-07-10 17:08:12'),
(400, '01150049', 27, 'RUTH NETTY IWO', 'Perempuan', 'JAYAPURA', '1997-04-27', 'O', 'Kristen', '081343463850', '081248417453', 'JL. JERUK NIPIS KOTARAJA', 'JL. NOLOGA TEN GANG KEMIRI,160A', 'SMA NEGERI 5 JAYAPURA', 'JAYAPURA', 4, 'S', 'Tidak ada', 'Tidak ada', 'Tidak ada', 'Tidak vegetarian', 'Ya', '2015-07-10 13:21:40', '2015-07-10 17:08:41'),
(401, '61150068', 4, 'Marthalia Moserra Putriyatmi Borumey', 'Perempuan', 'Fak-fak', '1997-06-27', 'O', 'Kristen', '082248151414', '085254880380', 'Jl. Matoa Mimika Baru', 'Jl. Krasak Timur No.18 ', 'SMA N 3 JAYAPURA', 'Jayapura', 6, 'M', 'Tidak ada', 'Tidak ada', 'Tidak ada', 'Tidak vegetarian', 'Ya', '2015-07-10 13:37:09', '2015-07-10 17:09:14'),
(402, '01150050', 34, 'Duta Lumadi Arsanta Tridarmanto', 'Laki-laki', 'Salatiga ', '1997-01-17', 'A', 'Kristen', '089671404278', '0811283674', 'Plasan RT 012 RW 036, Tirtomartani, Kalasan, Sleman, DIY', 'Plasan RT 012 RW 036, Tirtomartani, Kalasan, Sleman, DIY', 'SMA BOPKRI 1 YOGYAKARTA', 'YOGYAKARTA', 4, 'L', 'Tidak ada', 'Tidak ada', 'Tidak ada', 'Tidak vegetarian', 'Ya', '2015-07-13 10:16:38', '2015-07-13 15:31:58'),
(403, '71150021', 18, 'Yoel Putra Budiono', 'Laki-laki', 'Kudus', '1997-06-20', '', 'Kristen', '082242939807', '081229279850', 'Perum DJarum Getas no 31', 'Klitren', 'SMA Masehi Kudus', 'KUDUS', 1, 'XL', 'Tidak ada', 'Tidak ada', 'Tidak ada', 'Tidak vegetarian', 'Tidak', '2015-07-13 10:40:41', '2015-07-13 15:32:49'),
(404, '11150076', 16, 'ROCELLA MIRANDOLINA FRANCISCA CAMPOS', 'Perempuan', 'VIQUEQUE', '1995-03-24', 'AB', 'Katholik', '082236297727', '+67077264177', 'TIMOR-LESTE', 'DEMANGAN', 'LICEU 04 DE SETEMBRO', 'VIQUEQUE', 8, 'S', 'Tidak ada', 'Tidak ada', 'Tidak ada', 'Tidak vegetarian', 'Tidak', '2015-07-13 12:39:51', '2015-07-13 15:33:27'),
(405, '11150077', 20, 'ANDHIKA JULIO PRAWINO S', 'Laki-laki', 'JAKARTA', '1997-07-22', '', 'Kristen', '085146008681', '085240899758', 'MANADO', 'PERUMAHAN GRIYA PESONA MULIA 2C JALAN GEMPOL RAYA,KEC. CONDONG CATUR', 'SMA NEGERI 1 SIAU TIMUR', 'SITARO', 8, 'XL', 'Tidak ada', 'Tidak ada', 'Tidak ada', 'Tidak vegetarian', 'Tidak', '2015-07-21 15:15:16', '2015-07-22 10:33:51'),
(406, '41150012', 14, 'AGATA FITRI AMBARINI', 'Perempuan', 'JAKARTA', '1997-03-09', 'O', 'Katholik', '081904256948', '0818947875', 'PERUM PURIMAS CITRA GEMILANG 2 NO A7 NGOTO, BANGUNHARJO, SEWON, BANTUL', 'PERUM PURIMAS CITRA GEMILANG 2 NO A7 NGOTO, BANGUNHARJO, SEWON, BANTUL', 'SMA STELLA DUCE 1 YOGYAKARTA', 'YOGYAKARTA', 10, 'S', 'Tidak ada', 'Tidak ada', 'Tidak ada', 'Tidak vegetarian', 'Tidak', '2015-07-21 15:18:21', '2015-07-22 10:34:29'),
(407, '41150017', 6, 'ERNESTINE BENITA', 'Perempuan', 'BANJARNEGARA', '1997-05-10', 'A', 'Katholik', '085643833940', '08164899225', 'GANG MANGGA RT 01 RW 2, KEC. PURWAREJA, KAB. BANJARNEGARA, JATENG 53474', 'KLITREN GK 3 / RK 05 , RT 12 NO 378', 'SMA PANGUDI LUHUR VAN LITH', 'MUNTILAN', 10, 'S', 'Tidak ada', 'MAAG', 'Tidak ada', 'Tidak vegetarian', 'Ya', '2015-07-21 15:32:59', '2015-07-22 10:35:02'),
(408, '71150080', 26, 'PAUL FLASSY', 'Laki-laki', 'TEMINABUAN', '1997-04-08', 'O', 'Kristen', '081248308682', '081247959742', 'KAMPUNG KEYEN', 'JL RAMBUTAN NO 5A  SAMBIREDO, DEPOK, SLEMAN', 'SMA NEGERI 3 KOTA SORONG', 'SORONG', 1, 'M', 'Tidak ada', 'Tidak ada', 'ES TEH', 'Tidak vegetarian', 'Tidak', '2015-07-22 10:06:15', '2015-07-22 10:39:37'),
(409, '61150069', 2, 'JUDHY FRITS R', 'Laki-laki', 'MANOKWARI', '1997-06-14', 'O', 'Kristen', '082398293207', '085244719393', 'GAYA BARU', 'JL. TERATAI 6A BACIRO', 'SMK NEGERI 1 BINTUNI', 'BINTUNI', 6, 'L', 'Tidak ada', 'MAAG', 'Tidak ada', 'Tidak vegetarian', 'Tidak', '2015-07-22 10:10:59', '2015-07-22 10:36:26'),
(410, '71140044', 19, 'GUNAWAN TIBI SANTOSO', 'Laki-laki', 'SORONG', '1996-06-25', 'B', 'Kristen', '082233565409', '081344427480', 'KPRPDAM BLOCK C NO.8 SORONG, PAPUA', 'PURWOMARTANI, KALASAN', 'SMK N 3 SORONG', 'SORONG', 1, 'empty', 'Tidak ada', 'DBD, MALARIA', 'Tidak ada', 'Tidak vegetarian', 'Tidak', '2015-07-22 10:14:26', '2015-07-22 10:36:53'),
(411, '12150047', 33, 'ERIC TOBAN', 'Laki-laki', 'TANJUNG REDEB', '1997-07-18', 'A', 'Kristen', '085346615513', '082353087105', 'JL. AKI BALAK RT. 61 NO 42 KELURAHAN KARANG ANYAR, TARAKAN BARAT, TARAKAN, KALIMANTAN UTARA', 'KLITREN', 'SMA KATOLIK DON BOSCO', '-', 7, 'M', 'Tidak ada', 'Tidak ada', 'Tidak ada', 'Tidak vegetarian', 'Tidak', '2015-07-22 10:17:45', '2015-07-22 10:37:31'),
(412, '61150070', 12, 'EVI SALEMPANG LOLOLAEN', 'Perempuan', 'DILI', '1998-05-28', '', 'Kristen', '082351672822', '085345776899', 'JL. FATAHILLAH rt 10 NO 58, KEL. NUNUKAN TENGAH, KEC. NUNUKAN', 'JL. NITIKAN BARU NO 68 RT. 026 RW 007, KEL. SOROSUTAN, KEC. UMBULHARJO', 'SMAN 1 NUNUKAN', 'NUNUKAN', 6, 'S', 'Tidak ada', 'Tidak ada', 'Tidak ada', 'Tidak vegetarian', 'Tidak', '2015-07-22 10:20:34', '2015-07-22 10:38:16'),
(413, '31150035', 38, 'ANGGRIANI HARINI ', 'Perempuan', 'JAKARTA', '1997-09-09', 'B', 'Kristen', '085718397969', '081383279802', 'JL. SMEA 6 RT.05, RW 09 NO 19, CAWANG, JAKARTA TIMUR', '-', 'SMAN 9 JAKARTA', 'JAKARTA', 3, 'S', 'DEBU', 'ASMA', 'Tidak ada', 'Tidak vegetarian', 'Tidak', '2015-07-22 10:23:06', '2015-07-22 10:38:43'),
(414, '12150048', 20, 'YUSTINA YUNI UNTARI', 'Perempuan', 'PRABUMULIH', '1997-06-10', 'O', 'Katholik', '082280131097', '08127150629', 'JL SANTA MARIA GG. BERSAMA KM 4 NO 27 RT 01/03 GN. IBUL, PRABUMULIHTIMUR, PRABUMULIH, SUMATERA SELATAN', '-', 'SMA NEGERI 3 PRABUMULIH', 'PRABUMULIH', 7, 'S', 'Tidak ada', 'PATAH TULANG', 'Tidak ada', 'Tidak vegetarian', 'Ya', '2015-07-22 10:26:05', '2015-07-22 15:13:37'),
(415, '71150028', 36, 'ANDREAS RILO KEVIN RITONGA', 'Laki-laki', 'GIANYAR ', '1997-07-24', 'B', 'Kristen', '082237605606', '08123980096', 'JL MULAWARMA BTN TEDUNG SARI DAMAI BLOK E NO 15, GIANYAR', 'SEBELUM BROIMOB', 'SMK N 1 GIANYAR', 'GIANYAR', 1, 'S', 'Tidak ada', 'Tidak ada', 'Tidak ada', 'Tidak vegetarian', 'Tidak', '2015-07-22 10:28:38', '2015-07-22 15:14:17'),
(416, '71150082', 22, 'THEDA YUWANA SAPUTRA', 'Laki-laki', 'KLATEN', '1997-08-02', 'AB', 'Kristen', '085742888882', '085722281666', 'JL. HALMAHERA 10 KLATEN', '-', 'SMA REGINA PACIS SURAKARTA', 'SURAKARTA', 1, 'L', 'Tidak ada', 'Tidak ada', 'Tidak ada', 'Tidak vegetarian', 'Tidak', '2015-07-22 10:30:51', '2015-07-22 15:14:52'),
(417, '41150026', 2, 'NI PUTU DIVI SWANDEWI PUTRI', 'Perempuan', 'TABANAN', '1997-04-27', 'B', 'Hindu', '089651368313', '08979201592', 'BR. SENAPAHAN BANJAR ANYAR KEDIRI TABANAN', 'JALAN URIPSUMOHARJO NOMOR 4', 'SMA NEGERI 1 TABANAN', 'TABANAN', 10, 'S', 'Tidak ada', 'Pernah oprasi usus buntu pas TK', 'Tidak ada', 'Tidak vegetarian', 'Ya', '2015-07-22 10:31:31', '2015-07-22 15:15:40'),
(418, '41150050', 5, 'ADEK WIDYA P. SARASWATI', 'Perempuan', 'DOMPU', '1997-08-22', 'O', 'Hindu', '087854919037', '08124670705', 'BLOK 33A NO. 54, BANJAR ANYAR', 'JALAN URIPSUMOHARJO NO.4', 'SMA NEGERI 1 TABANAN', 'TABANAN', 10, 'L', 'Tidak ada', 'Tidak ada', 'Tidak ada', 'Tidak vegetarian', 'Tidak', '2015-07-22 10:32:14', '2015-07-22 15:16:10'),
(419, '71150083', 31, 'Marcellinus Julian Finlando', 'Laki-laki', 'Pringsewu', '1997-07-17', 'A', 'Katholik', '087797716079', '08127909811', 'JL. KH Gholib No: 1313 Pringsewu Barat,Pringsewu', '', 'SMA Xaverius Pringsewu', 'Pringsewu', 1, 'XL', 'Tidak ada', 'Tidak ada', 'Tidak ada', 'Tidak vegetarian', 'Tidak', '2015-07-22 10:33:58', '2015-07-22 15:16:34');
INSERT INTO `pesertas` (`id`, `nim`, `idkelompok`, `nama`, `jenis_kelamin`, `tempat_lahir`, `tanggal_lahir`, `golongan_darah`, `agama`, `nomor_telpon`, `nomor_orangtua`, `alamat_asal`, `alamat_jogja`, `asal_sekolah`, `kota_asal_sekolah`, `idprodi`, `ukuran_almamater`, `alergi`, `penyakit_diderita`, `alergi_makanan`, `vegetarian`, `tonti`, `created`, `modified`) VALUES
(420, '71150081', 4, 'AFRIADI ROMBINO NAINGGOLAN ', 'Laki-laki', 'BENGKULU', '1996-05-15', 'B', 'Kristen', '082177695844', '081373888390', 'BENGKULU LINGKAR BARAT JLN RANGKONG 7 NO 61 ', 'YOGYAKARTA JLN. JANTI NO 369', 'SMA PELATI KASIH BENGKULU ', 'BENGKULU ', 1, 'M', 'Tidak ada', 'MAG', 'Tidak ada', 'Tidak vegetarian', 'Tidak', '2015-07-22 10:41:01', '2015-07-22 15:17:09'),
(421, '71150085', 35, 'matilda serfi desta', 'Perempuan', 'mukun', '1996-11-19', '', 'Katholik', '082237375941', '085228084079', 'Nusa Tenggara Timur Flores', '-', 'sma st arnoldus mukun', 'ntt', 1, 'S', 'Tidak ada', 'Tidak ada', 'Tidak ada', 'tidak ada', 'Ya', '2015-07-22 10:47:57', '2015-07-22 15:17:34'),
(422, '61150028', 21, 'geziena wilma pieritsz', 'Perempuan', 'ambon ', '1997-09-28', 'AB', 'Kristen', '081344553701', '08114700233', 'desa suli , kec. salahautu kab. maluku tengah ', 'klitren lor gk 3 no. 324 ', 'sma negeri 5 ambon ', 'ambon ', 6, 'XXL', 'Tidak ada', 'Tidak ada', 'Tidak ada', 'Tidak vegetarian', 'Ya', '2015-07-22 11:09:34', '2015-07-22 15:14:48'),
(423, '61150071', 9, 'henox tarto malliwa', 'Laki-laki', 'Rantepao', '1996-10-22', '', 'Kristen', '085241656388', '085242796608', 'toraja utara,sulawesi selatan', 'jln.tambak bayan 15 no.7a', 'SMK kristen tagari', 'toraja utara ', 6, 'L', 'Tidak ada', 'Tidak ada', 'Tidak ada', 'Tidak vegetarian', 'Ya', '2015-07-22 11:26:35', '2015-07-22 15:14:25'),
(424, '41150049', 39, 'Putu Gede Suda Satriya Wibawa', 'Laki-laki', 'Denpasar', '1997-02-15', 'O', 'Hindu', '082146549688', '081337818305', 'Br. Bongan Gede Tabanan Bali', '', 'SMA NEGERI 1 TABANAN', 'TABANAN', 10, 'L', 'Tidak ada', 'Tidak ada', 'Tidak ada', 'Tidak vegetarian', 'Tidak', '2015-07-22 11:27:51', '2015-07-22 15:14:07'),
(425, '41150043', 1, 'I GUSTI BAGUS SURYANEGARA', 'Laki-laki', 'TABANAN', '1997-03-07', 'A', 'Hindu', '087861826101', '081999653494', 'BR. DAUH YEH, KABA-KABA, KEDIRI, TABANAN, BALI.', '', 'SMA N 1 TABANAN ', 'TABANAN', 10, 'M', 'DEBU', 'Tidak ada', 'Tidak ada', 'Tidak vegetarian', 'Tidak', '2015-07-22 11:32:59', '2015-07-22 15:13:48'),
(426, '12150049', 38, 'Ary Putra Romkeny', 'Laki-laki', 'Saumlaki', '1997-08-17', 'A', 'Kristen', '082213629167', '082198885504', 'kampung babar', 'joho condong catur', 'sma.kristen saumlaki', 'saumlaki', 7, 'XL', 'Tidak ada', 'maag', 'Tidak ada', 'Tidak vegetarian', 'Ya', '2015-07-22 12:20:10', '2015-07-22 15:13:29'),
(427, '31150005', 23, 'EPIPHANE ROSA YUNITA', 'Perempuan', 'YOGYAKARTA', '1997-02-18', 'B', 'Kristen', '085702635906', '085743774006', 'JL. SUKUN NO. 95 PONDOK KARANG BENDO BANGUNTAPAN BANTUL', 'JL. SUKUN NO. 95 PONDOK KARANG BENDO BANGUNTAPAN BANTUL', 'SMA BOPKRI 1 ', 'YOGYAKARTA', 3, 'S', 'Tidak ada', 'ASMA', 'TELUR DAN UDANG', 'Tidak vegetarian', 'Tidak', '2015-07-22 12:25:13', '2015-07-22 15:13:06'),
(428, '61150073', 25, 'Teguh Pramana Putra', 'Laki-laki', 'Robei', '1997-01-09', 'B', 'Kristen', '082351372422', '082149420322', 'JL. pendreh no 80 RT 18 RW 05 KAB Barito Utara PROPKALTENG', 'JL Babasari 1 no. 579 RW 3 RT 6 KODE POS 55281', 'SMAN 1 MUARA TEWEH', 'MUARA TEWEH', 6, 'XL', 'Tidak ada', 'Tidak ada', 'Tidak ada', 'Tidak vegetarian', 'Tidak', '2015-07-22 12:37:20', '2015-07-23 12:16:09'),
(429, '61150072', 35, 'HENDY AGESTY NAKAMI', 'Laki-laki', 'MUARA TEWEH', '1997-08-28', 'A', 'Kristen', '085752684217', '085252760525', 'JALAN PRAMUKA NO.2 MUARA TEWEH KAB.BARITO UTARA PROV.KALTENG', 'JALAN BABARSARI 1 NO.579 RW.3 RT.6 KODE POS 55281', 'SMA NEGERI 1 GUNUNG TIMANG', 'KANDUI', 6, 'S', 'Tidak ada', 'Tidak ada', 'Tidak ada', 'Tidak vegetarian', 'Ya', '2015-07-22 12:38:40', '2015-07-22 15:18:36'),
(430, '71150086', 17, 'Resgi Benedicta Karlo', 'Laki-laki', 'Muara Teweh', '1997-12-06', 'B', 'Kristen', '085751846054', '085249155235', 'Jalan Pramuka no.02 Kec.Teweh Tengah Kab.Barito Utara \r\nProvinsi KalimantanTengah', 'Jalan Babarsari 1', 'SMAN 1 MUARA TEWEH', 'MUARA TEWEH', 1, 'L', 'Tidak ada', 'Tifus\r\nAsma', 'Tidak ada', 'Tidak vegetarian', 'Tidak', '2015-07-22 12:44:28', '2015-07-22 15:18:19'),
(431, '71150087', 32, 'CHARLES CARLOS YOKU', 'Laki-laki', 'SENTANI  JAYAPURA', '1996-09-23', 'O', 'Kristen', '082198288614', '085254132946', 'JL IFAR GUNUNG FELAVOUW    RT 04      RW 06     JAYAPURA,PAPUA', 'PERUM.GRIYA TIMOHO ESTATE NO27 YOGYAKRTA', 'SMK NEGERI 1 SENTANI', 'JAYAPURA', 1, 'XL', 'Tidak ada', 'Tidak ada', 'ALERGI  UDANG DAN KEPITING', 'Tidak vegetarian', 'Ya', '2015-07-22 13:10:14', '2015-07-22 15:18:03'),
(432, '71150088', 33, 'DEBORA SYEBAT NAZIR', 'Perempuan', 'YOGYAKARTA', '1997-01-11', 'O', 'Kristen', '081804071486', '081804072834', 'KEPARAKAN LOR MG 1/950', 'KEPARAKAN LOR MG 1/950', 'SMA NEGERI 10', 'YOGYAKARTA', 1, 'S', 'ALERGI DINGIN', 'Tidak ada', 'Tidak ada', 'Tidak vegetarian', 'Ya', '2015-07-22 13:31:31', '2015-07-22 15:17:41'),
(433, '12150050', 36, 'benedikta yuliana leki', 'Perempuan', 'besikama', '1997-07-11', '', 'Katholik', '081357303544', '085232096532', 'naas', '', 'sma negeri 1 malaka tengah', 'besikama', 7, 'S', 'Tidak ada', 'Tidak ada', 'Tidak ada', 'Tidak vegetarian', 'Ya', '2015-07-22 13:37:13', '2015-07-22 15:17:21'),
(434, '12150052', 29, 'YOSIA SEMBIRING PELAWI', 'Laki-laki', 'KABANJAHE', '1996-04-05', 'A', 'Kristen', '081375068243', '081365569288', 'JL.NGUMBAN SURBAKTI SEDAP MALAM 3 D', 'YOGYAKARTA', 'SMA NEGERI 2 KABANJAHE', 'KABANJAHE', 7, 'XL', 'Tidak ada', 'Tidak ada', 'Tidak ada', 'Tidak vegetarian', 'Ya', '2015-07-22 13:47:02', '2015-07-22 15:17:02'),
(435, '61150074', 19, 'RECKY ADIGUNA LEONARDUS SIMATUPANG', 'Laki-laki', 'SENTANI', '1996-11-25', 'O', 'Katholik', '082300003940', '08124849014', 'jln. fajar hawai II BTN puskopad sentani kota, jayapura, papua.', '', 'SMA SANTO MIKAEL SLEMAN', 'jogjakarta ', 6, 'S', 'Tidak ada', 'Tidak ada', 'Tidak ada', 'Tidak vegetarian', 'Ya', '2015-07-22 13:49:10', '2015-07-22 15:16:48'),
(436, '11150039', 7, 'Jessica Soerjanto', 'Perempuan', 'YOGYAKARTA', '1997-05-28', 'B', 'Katholik', '083867686865', '081328540999', 'Jalan Tambak Kav. D, Yogyakarta', 'Jalan Tambak Kav. D, Yogyakarta', 'SMA NEGERI 2 YOGYAKARTA', 'Yogyakarta', 8, 'S', 'Tidak ada', 'Tidak ada', 'Tidak ada', 'Tidak vegetarian', 'Ya', '2015-07-22 14:13:05', '2015-07-22 15:16:31'),
(437, '71150090', 2, 'THOMAS L A LAMAK', 'Laki-laki', 'WUMUKA', '1997-10-20', '', 'Katholik', '082198565203', '082398063020', 'JL.MEGANTARA', 'PANDEGA TAMTAMA', 'SMK PETRA', 'TIMIKA,PAPUA', 1, 'S', 'Tidak ada', 'Tidak ada', 'Tidak ada', 'Tidak vegetarian', 'Ya', '2015-07-22 14:25:36', '2015-07-22 15:16:01'),
(438, '61150075', 15, 'ANGGA PURNAYUDHA', 'Laki-laki', 'YOGYAKARTA', '1997-06-14', 'O', 'Kristen', '087738390007', '08170137677', 'Perum Tirta Mas Block A NO.5 Sinduadi Sleman Yogyakarta', 'Perum Tirta Mas Block A NO.5 Sinduadi Sleman Yogyakarta', 'SMA BUDYA WACANA', 'YOGYAKARTA', 6, 'XXXL', 'Tidak ada', 'Paru paru basah, maag', 'Tidak ada', 'Tidak vegetarian', 'Tidak', '2015-07-22 14:34:40', '2015-07-22 15:15:44'),
(439, '61150076', 1, 'GUSTI PUTU NGURAH BANGGA YOGIA PRATAMA', 'Laki-laki', 'SLEMAN', '1997-03-07', 'O', 'Hindu', '088213205618', '081802616858', 'JLN SORAGAN RT04 DUKUH III NGESTIHARJO KASIHAN BANTUL', 'JLN SINGOJAYAN RT04 RW01 PAKUNCEN YOGYAKARTA', 'SMA BUDYAWACANA', 'YOGYAKARTA', 6, 'M', 'Tidak ada', 'Tidak ada', 'SEAFOOD', 'Tidak vegetarian', 'Ya', '2015-07-22 14:35:03', '2015-07-22 15:15:28'),
(440, '61150077', 37, 'Calvin Junus Dadiara', 'Laki-laki', 'Lekloor', '1998-06-12', 'O', 'Kristen', '082248005151', '085243758758', 'Wormauleheran, Lekloor, PP. Terselatan, Maluku Barat Daya', 'Jln. Waithasin, Widoro Baru, Gang Mawar, No.171C, Seturan, Sleman', 'SMA N 1 PP.Terselatan', 'Terselatan', 6, 'S', 'Tidak ada', 'Tidak ada', 'Tidak ada', 'Tidak vegetarian', 'Tidak', '2015-07-23 10:36:58', '2015-07-23 15:47:22'),
(441, '31150036', 13, 'Junengsi Carli Dahokory', 'Perempuan', 'Yawuru', '1997-06-14', '', 'Kristen', '081344012080', '085200552069', 'Yawuru, Woureli PP Terselatan, Maluku Barat Daya', 'Babarsari, Caturtunggal, Depok, Sleman', 'SMA Negeri 1 Woureli PP Terselatan', 'Woureli PP. Terselatan, Maluku Barat Daya', 3, 'S', 'Tidak ada', 'Maag( sering kambuh, tidak bisa telat makan)', 'Tidak ada', 'Tidak vegetarian', 'Tidak', '2015-07-23 10:42:53', '2015-07-23 15:48:23'),
(442, '71150091', 5, 'Anthony Aprian', 'Laki-laki', 'Samarinda', '1998-04-07', 'O', 'Budha', '081253908866', '081350817700', 'Samarinda, Jln. Pulau Banda No.20', 'Yogyakarta', 'SMA Negeri 2 Samarinda', 'Samarinda', 1, 'L', 'Tidak ada', 'Tidak ada', 'Tidak ada', 'Tidak vegetarian', 'Tidak', '2015-07-23 10:45:43', '2015-07-23 15:49:52'),
(443, '61150078', 27, 'Wilem Hipka', 'Laki-laki', 'Okhim', '1996-06-05', 'O', 'Katholik', '081215204096', '081328705977', 'Jln. SPE Perumnas 2, Jayapura', 'Jln. Wulung 445, Pringwulung, Depok, Yogyakarta', 'SMA YPPK Teruna Bakti Jayapura', 'Jayapura', 6, 'M', 'Tidak ada', 'Tidak ada', 'Tidak ada', 'Tidak vegetarian', 'Tidak', '2015-07-23 10:52:41', '2015-07-23 15:50:42'),
(444, '11150078', 10, 'Juniery Patabang ', 'Laki-laki', 'Makale', '1996-06-17', '', 'Kristen', '085299771108', '082189469402', 'Tana Toraja', 'Jln. Perumnas Perum Mutiara Seturan B 10', 'SMA N 1 Makale', 'Makale', 8, 'L', 'Tidak ada', 'Tidak ada', 'Tidak ada', 'Tidak vegetarian', 'Tidak', '2015-07-23 11:00:05', '2015-07-23 15:51:21'),
(445, '12150001', 34, 'Eunike Yuniar Raharjo', 'Perempuan', 'Yogyakarta', '1997-07-15', 'A', 'Kristen', '085729980028', '0274540607', 'Jln. Ketanda 56', 'Jl. Ketandan 56', 'Budya Wacana', 'Yogyakarta', 7, 'S', 'Tidak ada', 'Tidak ada', 'Tidak ada', 'Tidak vegetarian', 'Tidak', '2015-07-23 11:06:06', '2015-07-23 15:52:02'),
(446, '71150092', 24, 'Albertus Haryanto', 'Laki-laki', 'Ketapang', '1997-03-02', 'B', 'Katholik', '085252143495', '082155516035', 'Jl.S.Parman PAL DUA ASRI NO.A1 Ketapang,Kalimantan Barat', 'Purwokerto Karangmujo RT 006 RW 003 Kel.Purwomartani kec.kalasan kab.Sleman Yogyakarta 55771', 'SMA PL St YOHANES', 'Ketapang', 1, 'XL', 'Tidak ada', 'Tidak ada', 'Tidak ada', 'Tidak vegetarian', 'Tidak', '2015-07-23 11:16:00', '2015-07-23 15:53:22'),
(447, '41150046', 31, 'Natasha Chanellia Intan Putri', 'Perempuan', 'Sleman', '1997-04-28', 'B', 'Katholik', '087861088880', '0811258904', 'Jalan Griya Taman Asri, Perum. Buana Asri Village, Blok E2-E3, Telacap, Pendowoharjo, Sleman, Yogyakarta', 'Jalan Griya Taman Asri, Perum. Buana Asri Village, Blok E2-E3, Telacap, Pendowoharjo, Sleman, Yogyakarta', 'SMA Regina Pacis Ursulin Surakarta', 'Surakarta', 10, 'S', 'Tidak ada', 'Flek Paru pada umur 6 tahun dan sekarang sudah sembuh dan tidak kambuh lagi', 'Tidak ada', 'Tidak vegetarian', 'Ya', '2015-07-23 12:35:43', '2015-07-23 15:54:35'),
(448, '71150093', 14, 'Anthony Jaya Vardhana', 'Laki-laki', 'Lubuk Linggau', '1998-07-10', 'A', 'Budha', '082379506183', '082179795252', 'jalan ikan tenggiri no 85/46 F ', '', 'SMA XAVERIUS PAHOMAn RAWA LAUT BANDAR LAMPUNG', 'Bandar Lampung', 1, 'XL', 'Tidak ada', 'tidak ada', 'Tidak ada', 'Tidak vegetarian', 'Tidak', '2015-07-23 12:43:07', '2015-07-23 15:55:43'),
(449, '71150084', 21, 'kevin kent', 'Laki-laki', 'medan', '2005-04-26', 'A', 'Kristen', '085277625900', '08126396848', 'jl. pocut meurah inseun no.4/8 banda aceh', 'jl. santan gang 11/31B Maguwoharjo, Depok Sleman Yogyakarta', 'Sma Methodist Banda Aceh', 'Banda Aceh', 1, 'XL', 'Tidak ada', 'Tidak ada', 'Tidak ada', 'Tidak vegetarian', 'Tidak', '2015-07-23 12:58:47', '2015-07-23 15:57:05'),
(450, '12150053', 25, 'Feni Pebriani Priska', 'Perempuan', 'MARAU', '1997-02-16', 'O', 'Kristen', '085654773753', '085246863321', 'Desa sukakarya,Kecamatan Marau, kabupaten ketapang,kalimantan barat', '', 'SMA N 1 MARAU', 'MARAU', 7, 'S', 'Debu dan dingin', 'MAH,ASMA', 'KACANG', 'TIDAK VEGETARIAN', 'Tidak', '2015-07-23 13:28:48', '2015-07-23 15:58:46'),
(451, '61150079', 22, 'JIMMY CARTER LIROGA', 'Laki-laki', 'POSO', '1997-03-19', 'O', 'Kristen', '081245271025', '082393678388', 'LINGKUNGAN II KELURAHAN MELONGUANE BARAT. KECAMATAN MELONGUANE', '', 'SMK NEGERI 1 TALAUD', 'MELONGUANE', 6, 'S', 'Tidak ada', 'Tidak ada', 'DAGING AYAM', 'Tidak vegetarian', 'Ya', '2015-07-23 13:36:23', '2015-07-23 15:59:48'),
(452, '61150080', 3, 'HERBERT ANGELO BAYAK', 'Laki-laki', 'WAMENA ', '1997-12-29', 'A', 'Katholik', '082398917558', '085344052967', 'JL.PANJAITAN NO.23 WAMENA', 'JL.CIK DITIRO GK V NO.289', 'SMA YPPK ST THOMAS WAMENA', 'WAMENA', 6, 'M', 'Tidak ada', 'Tidak ada', 'UDANG', 'Tidak vegetarian', 'Ya', '2015-07-23 13:42:57', '2015-07-23 16:01:03'),
(453, '71150033', 7, 'IMMANUEL RONI KRISTIAN HANDOKO', 'Laki-laki', 'BANTUL', '1996-04-06', 'AB', 'Kristen', '089501103654', '089501103654', 'BAKULAN PATALAN JETIS BANTUL', 'BAKULAN PATALAN JETIS BANTUL', 'SMA 2 BANTUL', 'BANTUL, YOGYAKARTA', 1, 'S', '', '', 'UDANG', 'Tidak vegetarian', 'Ya', '2015-07-23 14:07:01', '2015-07-23 16:02:05'),
(454, '71150095', 9, 'oktapianus kendek', 'Laki-laki', 'rantepao', '1996-10-12', 'B', 'Kristen', '081355585539', '081355585529', 'jl sangkombong no 42', 'jl kusbini no 10', 'smk kristen tagari rantepao', 'Rantepao, Toraja Utara', 1, 'M', 'Tidak ada', 'Tidak ada', 'Tidak ada', 'Tidak vegetarian', 'Ya', '2015-07-23 14:17:17', '2015-07-23 16:03:39'),
(455, '11150080', 22, 'maria yolenta tahir', 'Perempuan', 'labuan bajo', '1996-06-15', 'AB', 'Katholik', '082247573047', '081337449954', 'labuan bajo,manggarai barat', 'jln.kemuning,no.174,nologaten,sleman', 'sma negeri 1 komodo labuan bajo', 'labuan bajo', 8, 'S', 'Tidak ada', 'Tidak ada', 'Tidak ada', 'Tidak vegetarian', 'Tidak', '2015-07-23 14:29:38', '2015-07-23 16:04:55'),
(456, '11150081', 18, 'Pasifikus Gagut', 'Laki-laki', 'Rangges', '1996-09-24', 'A', 'Katholik', '085253621749', '085201407475', 'Labuan bajo', 'Nologaten', 'SMA N 1 KOMODO', 'Labuan bajo', 8, 'S', 'Tidak ada', ' magh', 'Tidak ada', 'Tidak vegetarian', 'Tidak', '2015-07-23 14:34:04', '2015-07-23 16:06:05'),
(457, '61150081', 39, 'EFODIUS FLORIN ANGELO', 'Laki-laki', 'UJUNG PANDANG', '1997-05-07', 'O', 'Katholik', '082247572735', '081246708153', 'COWANG DERENG,LABUAN BAJO,MANGGARAI BARAT,NTT', '', 'SMAN 1 KOMODO', 'LABUAN BAJO', 6, 'XL', 'Tidak ada', 'Tidak ada', 'Obat-obatan yg mengandung PARACETAMOL ', 'Tidak vegetarian', 'Ya', '2015-07-23 14:37:19', '2015-07-23 16:06:54'),
(458, '71150094', 16, 'dandie setiawan', 'Laki-laki', 'Wonosobo', '1996-12-13', 'A', 'Kristen', '085743802666', '085747817372', 'Kersat RT001 RW 008 Bojasari,Kertek,Wonosobo,Jawa Tengah', '', 'SMAN Negeri 1 Wonosobo', 'Wonosobo', 1, 'L', 'Tidak ada', 'Tidak ada', 'Tidak ada', 'Tidak vegetarian', 'Ya', '2015-07-23 14:44:47', '2015-07-23 16:08:29'),
(459, '71150025', 28, 'NATHANAEL ORVIN H. C', 'Laki-laki', 'SEMARANG', '1997-03-03', 'O', 'Kristen', '085727267763', '081575576615', 'JL. GUSTIPUTRI 4 NO 13', 'KRASAK TIMUR 22D', 'SEDES SAPIENTIAE SEMARANG', 'SEMARANG', 1, 'XXL', 'DEBU', 'Tidak ada', 'Tidak ada', 'Tidak vegetarian', 'Tidak', '2015-07-24 10:24:05', '2015-07-24 15:46:11'),
(460, '61150083', 32, 'AGNES LESTARY BIMBIN', 'Perempuan', 'PALOPO', '1997-11-25', 'O', 'Kristen', '081242181825', '081342685909', 'JL. ADIPU NO.04 LUWU TIMUR, SULAWESI SELATAN', '', 'SMA YPS SOROAKO', 'SOROAKO', 6, 'S', 'Tidak ada', 'Tidak ada', 'Tidak ada', 'Tidak vegetarian', 'Ya', '2015-07-24 10:48:19', '2015-07-24 15:47:06'),
(461, '11150079', 8, 'SWEET HEART LOMARIO', 'Laki-laki', 'PAPADI', '1997-05-14', '', 'Kristen', '082254559393', '082254559393', 'PAPADI', '', 'SMA NEGRI 1 KRAYAN', 'KRAYAN', 8, 'S', 'Tidak ada', 'Tidak ada', 'UDANG', 'Tidak vegetarian', 'Ya', '2015-07-24 11:25:48', '2015-07-24 15:48:07'),
(462, '71150097', 33, 'HENDRA PUTERA SANTOSA', 'Laki-laki', 'kupang', '1996-12-21', 'B', 'Kristen', '082325404770', '0818467335', 'jl.cilliwung no 27', '', 'smk dwp', 'tegal', 2, 'L', 'Tidak ada', 'Tidak ada', 'Tidak ada', 'Tidak vegetarian', 'Tidak', '2015-07-24 11:33:15', '2015-07-24 15:49:14'),
(463, '71150098', 30, 'ASWAN PALABIRAN', 'Laki-laki', 'MAMASA', '1996-12-22', 'O', 'Kristen', '085240746547', '081342290787', 'JALAN JENDRAL SUDIRMAN NO 3\r\nKABUPATEN MAMASA\r\nKECAMATAN MAMASA\r\nSULAWESI BARAT', 'TAMBAK BAYAN 11 N0 3', 'SMA KATOLIK MAKALE', 'MAKALE', 1, 'M', 'Tidak ada', 'Tidak ada', 'Tidak ada', 'Tidak vegetarian', 'Ya', '2015-07-24 12:00:49', '2015-07-24 15:50:44'),
(464, '61150085', 31, 'ROMARIO VELAGANO LALE', 'Laki-laki', 'TERNATE', '1994-07-27', '', 'Kristen', '082396043591', '082396043591', 'TERNATE', 'JANTI JALAN SENGON NO 24 A', 'SMK PERTAMBANGAN GOSOWONG', 'KAO TELUK', 6, 'S', 'Tidak ada', 'Tidak ada', 'TIDAK ADA', 'Tidak vegetar', 'Tidak', '2015-07-24 12:14:32', '2015-07-24 15:51:37'),
(465, '41150018', 13, 'I GEDE PANDE WAHYU WIDIASTANA', 'Laki-laki', 'BAJERA', '1997-05-29', 'A', 'Hindu', '08123840999', '085102425758', 'PERUMAHAN DALUNG PERMAI BLOK PP NO 44, DALUNG, KUTA UTARA, BADUNG , BALI', 'GEJAYAN', 'SMA NEGERI 1 KUTA UTARA', 'BADUNG', 10, 'M', 'Tidak ada', 'Tidak ada', 'Tidak ada', 'Tidak vegetarian', 'Ya', '2015-07-24 12:14:44', '2015-07-24 15:52:09'),
(466, '41150042', 35, 'WILLY CHRISTIAN PUTRA PHILIPUS', 'Laki-laki', 'PALU', '1997-09-03', '', 'Kristen', '082292376554', '081354372309', 'JL. BASUKI RAHMAT LRG.KESADARAN 1 NO.7', 'JL.MOJO NO. 10 BACHIRO', 'SMA NEGERI 2 PALU', 'PALU', 10, 'L', 'Tidak ada', 'Tidak ada', 'Tidak ada', 'Tidak vegetarian', 'Tidak', '2015-07-24 12:20:25', '2015-07-24 15:55:10'),
(467, '41150033', 36, 'Shanty Dewi Sutantyo', 'Perempuan', 'Surakarta', '1997-05-12', 'B', 'Katholik', '081393713699', '081329193111', 'Jl. Raya Solo Baru C2 Sukoharjo', 'Kliteran Lor', 'SMA Negeri 3 Surakarta', 'Surakarta', 10, 'M', 'Tidak ada', 'Tidak ada', 'Tidak ada', 'Tidak vegetarian', 'Ya', '2015-07-24 12:33:02', '2015-07-24 15:55:55'),
(468, '61150082', 8, 'WILFRIDUS BUDJEN', 'Laki-laki', 'RUTENG', '1996-10-02', 'A', 'Katholik', '085253378094', '081337885009', 'KAPER 012/006 DESA GOLOBILAS, KECAMATAN KOMODO KABUPATEN MANGGARAI BARAT, PROPINSI NTT', 'YOGYAKARTA', 'SMAN 1 LANGKE REMBONG', 'RUTENG', 6, 'M', 'Tidak ada', 'Tidak ada', 'Tidak ada', 'Tidak vegetarian', 'Tidak', '2015-07-24 12:52:09', '2015-07-24 16:00:18'),
(469, '72150008', 38, 'Reinald Ariel Kristiawan', 'Laki-laki', 'Magelang', '1996-11-12', 'O', 'Kristen', '08978902350', '081227610000', 'Jalan Suprapto 15 Kabupaten Temanggung', 'Klitren Lor GK 3 / 280', 'SMA Negeri 1 Temanggung', 'Temanggung', 2, 'L', 'Tidak ada', 'Tidak ada', 'Tidak ada', 'Tidak vegetarian', 'Tidak', '2015-07-24 13:40:31', '2015-07-24 16:00:50'),
(470, '11150082', 29, 'fransiska oktaviani', 'Perempuan', 'tebedak', '1997-10-20', 'A', 'Katholik', '081348008308', '085245933736', 'dusun pulau bendu desa hilir tengah kab landak ', 'pugeran', 'sma negeri 1 ngabang', 'ngabang', 8, 'XL', 'Tidak ada', 'Tidak ada', 'Tidak ada', 'Tidak vegetarian', 'Tidak', '2015-07-24 14:47:14', '2015-07-24 16:02:00'),
(471, '31150014', 9, 'VIRGIN KINDANGEN', 'Perempuan', 'TERNATE', '1996-10-27', 'O', 'Katholik', '085743442204', '081227848475', 'JL. IROMEJAN NO. 12', 'JL. IROMEJAN NO. 12', 'SMA BUDYA WACANA', 'YOGYAKARTA', 3, 'L', 'Tidak ada', 'DEMAN BERDARAH (SMP kls 3)', 'TIDAK ADA', 'TIDAK', 'Ya', '2015-07-27 09:33:26', '2015-07-28 15:29:33'),
(472, '72150042', 12, 'REINHARD SAM RIMOSAN', 'Laki-laki', 'JAYAPURA', '1997-08-11', 'B', 'Kristen', '082248163336', '08124840036', 'JL. DIGUL NO. 1 DOK V, JAYAPURA', 'JL. ORI II, GODHA KOSTEL, PAPRINGAN', 'SMK NEGERI 1 JAYAPURA', 'JL. NUSA TENGGARA, NO. 1, DOK V BAWAH', 2, 'S', 'Tidak ada', 'Tidak ada', 'Tidak ada', 'Tidak vegetarian', 'Ya', '2015-07-27 09:36:58', '2015-07-28 15:32:55'),
(473, '11150083', 11, 'herjuno cahyo adi prasetyo', 'Laki-laki', 'Jakarta', '1997-07-31', 'O', 'Kristen', '082136520888', '082136520888', 'jalan timoho no.29 f', 'jalan timoho no.29 f', 'sma dwi putra', 'Tangerang Selatan', 8, 'M', 'Tidak ada', 'Tidak ada', 'Tidak ada', 'Tidak vegetarian', 'Tidak', '2015-07-27 09:53:17', '2015-07-28 15:33:12'),
(474, '71150101', 37, 'Sriwahyuni I.R', 'Perempuan', 'Salueno', '1997-05-11', 'A', 'Kristen', '08985163058', '087840082606', 'salubatu, Mamuju, sulawesi barat', 'Jl. Kusbini', 'SMA Frater Makassar', 'Makassar ', 1, 'S', 'Tidak ada', 'Tidak ada', 'Tidak ada', 'Tidak vegetarian', 'Ya', '2015-07-27 10:07:19', '2015-07-28 15:33:23'),
(475, '12150056', 6, 'suri caroline burdam', 'Perempuan', 'yogyakarta', '1996-11-07', 'B', 'Kristen', '081247889988', '081344927755', 'jl bugenvil perumahan 100 no 16 waisai raja amapat', 'jl timoho gendeng gk 4 gg mujaer no 805', 'sma n 1 raja amapat', 'waisai raja ampat', 7, 'S', 'debu', 'Tidak ada', 'Tidak ada', 'Tidak vegetarian', 'Tidak', '2015-07-27 10:17:05', '2015-07-28 15:33:40'),
(476, '12150059', 17, 'MARIA FATIMA RIANY KASIMO', 'Perempuan', 'RUTENG', '1997-07-07', 'B', 'Katholik', '085253623296', '081339341116', 'KISOL,TANAH RATA,KOTA KOMBA,MANGGARAI TIMUR,NTT', 'Jln.SAGAN', 'SMA ST.KLAUS - KUWU', 'RUTENG', 7, 'S', 'alergi debu', 'pernah tipes', 'Tidak makan telur', 'Tidak vegetarian', 'Tidak', '2015-07-27 10:37:37', '2015-07-28 15:35:29'),
(477, '11150084', 14, 'FARADAY DWI BHASKORO', 'Laki-laki', 'SIDIKALANG', '1997-01-01', 'AB', 'Kristen', '082304324134', '081361600248', 'JL. EMPAT LIMA NO. 61 F', 'JL. KALIURANG SENGKAN RAYA', 'SMA NEGERI 1 ', 'SIDIKALNG', 8, 'S', 'Tidak ada', 'Tidak ada', 'Tidak ada', 'Tidak vegetarian', 'Ya', '2015-07-27 10:47:57', '2015-07-28 15:36:48'),
(478, '12150057', 26, 'olpin kogoya', 'Laki-laki', 'yokatapa', '1997-10-01', 'O', 'Kristen', '081240409944', '082198311117', 'jln.kendari nabire papua', 'pelemburan jln.garuda', 'SMK PETRA NABIRE', 'NABIRE PAPUA', 7, 'S', 'Tidak ada', 'Tidak ada', 'Tidak ada', 'Tidak vegetarian', 'Ya', '2015-07-27 11:35:21', '2015-07-28 15:37:20'),
(479, '72150043', 23, 'YUBELINCE NAOMI WAKUM', 'Perempuan', 'TIMIKA', '1997-11-19', '', 'Kristen', '085203835870', '085215793679', 'JALAN PERINTIS', 'JALAN TUKANGAN', 'SMA SANTA MARIA ', 'YOGYAKARTA', 2, 'S', 'Tidak ada', 'Tidak ada', 'Tidak ada', 'Tidak vegetarian', 'Tidak', '2015-07-27 11:36:18', '2015-07-28 15:37:47'),
(480, '71150013', 4, 'TIMOTHY DICKY HERLAMBANG', 'Laki-laki', 'KLATEN', '1997-10-02', 'O', 'Kristen', '089646668972', '081325546654', 'PERUM. CITRA INDAH BLOK J8, MERBUNG, KLATEN SELATAN, KLATEN', 'MUSIKANAN', 'SMA NEGERI 2 KLATEN', 'KLATEN', 1, 'S', 'Tidak ada', 'Tidak ada', 'Tidak ada', 'Tidak vegetarian', 'Tidak', '2015-07-27 11:43:11', '2015-07-28 15:38:05'),
(481, '11150061', 20, 'FORTALISA PRIANT JATININGRUM', 'Perempuan', 'PURBALINGGA', '1997-05-12', 'AB', 'Kristen', '089625666617', '081548865114', 'KALIKAJAR RT 01 RW 07 , KALIGONDANG , PURBALINGGA', 'RONODIKDAYAN', 'SMA NEGERI 2 PURBALINGGA', 'PURBALINGGA', 8, 'S', 'Tidak ada', 'SESAK NAPAS KETIKA CAPE', 'Tidak ada', 'Tidak vegetarian', 'Tidak', '2015-07-27 11:48:16', '2015-07-28 15:39:32'),
(482, '71150102', 6, 'VINCENT FABRIAN', 'Laki-laki', 'JAKARTA', '1997-02-20', 'A', 'Kristen', '087839312228', '087838883303', 'JALAN PARANGTRITIS NO.27', 'JALAN PARANGTRITIS NO.27', 'SMA BOPKRI 1 YOGYAKARTA', 'YOGYAKARTA', 1, 'XL', 'DEBU', 'Tidak ada', 'Tidak ada', 'Tidak vegetarian', 'Tidak', '2015-07-27 11:52:28', '2015-07-28 15:39:46'),
(483, '11150085', 21, 'KAVIAN JESER RAHAJAAN', 'Laki-laki', 'KAIMANA', '1998-03-02', 'A', 'Kristen', '081240774323', '082238735363', 'JL.NIKOLAS KABES RT/RW018 KAIMANA-PAPUA BARAT', 'JL.IROMEJAN GKIII YOGYAKARTA', 'SMA NEGERI 1 KAIMANA', 'KAIMANA PAPUA BARAT', 8, 'L', 'Tidak ada', 'Tidak ada', 'UDANG', 'Tidak vegetaria', 'Tidak', '2015-07-27 12:02:23', '2015-07-28 15:40:05'),
(484, '72150044', 10, 'MOUDYANTI WIDYANINGTYAS WIGNYO YUSUF SONTODIRJO', 'Perempuan', 'MANADO', '2000-02-28', 'O', 'Kristen', '085201184499', '082192472999', 'JALAN PINGKAN MATINDAS. NO 5. LINKUNGAN4', '-', 'SMA NEGERI 9 MANADO', 'MANADO', 2, 'S', 'DEBU', 'GATAL', 'Tidak ada', 'Tidak vegetarian', 'Tidak', '2015-07-27 12:05:46', '2015-07-28 15:40:29'),
(485, '71150103', 20, 'Reynaldo Bastian', 'Laki-laki', 'Jakarta', '1996-06-07', 'O', 'Budha', '089662501455', '081287134334', 'Jln.Tanjung Duren X No.897 Jakarta Barat', 'Jln.Yudhistira', 'SMK Yadika 2', 'DKI Jakarta', 1, 'XL', 'Tidak ada', 'Tidak ada', 'Sambel atau cabe', 'Tidak vegetarian', 'Ya', '2015-07-27 12:16:45', '2015-07-28 15:40:41'),
(486, '41150027', 27, 'Ariani Wanti Paluta', 'Perempuan', 'Wamena', '1996-08-23', 'A', 'Kristen', '082347854800', '085244486532', 'Jalan Thamrin no 1 wamena', 'Dr. Wahidin', 'SMA Kristen barana''', 'Rantepao', 10, 'S', 'Tidak ada', 'Tidak ada', 'Tidak ada', 'Tidak vegetarian', 'Ya', '2015-07-27 12:23:55', '2015-07-28 15:40:51'),
(487, '31150002', 34, 'sharoneva Linggarjati', 'Perempuan', 'sleman', '1997-04-02', 'O', 'Kristen', '081326987469', '08170425020', 'bumijo,yogyakarta', 'bumijo,yogyakarta', 'sma bopkri 1,yogyakarta', 'yogyakarta', 3, 'S', 'Tidak ada', 'Tidak ada', 'Tidak ada', 'Tidak vegetarian', 'Tidak', '2015-07-27 12:24:10', '2015-07-28 15:43:18'),
(488, '11150049', 1, 'venna lilianty', 'Perempuan', 'belinyu', '1998-01-28', 'AB', 'Budha', '082292291126', '08122212612', 'jln.pangeran drajat perumahan pegambiran residence block a 2 no 9', 'jln prapatan kronggahan toko citra armindo', 'smak penabur cirebon', 'cirebon', 8, 'S', 'Tidak ada', 'Tidak ada', 'Tidak ada', 'Tidak vegetarian', 'Ya', '2015-07-27 12:33:10', '2015-07-28 15:44:42'),
(489, '31150001', 35, 'Tamariska Septyana Krishanayanti', 'Perempuan', 'Kulonprogo', '1998-09-11', 'O', 'Kristen', '087834102888', '08179408942', 'Kemranggen RT 04 RW 02 Wulungsari, Selomerto Wonosobo Jawa Tengah 56361', 'Kalibuko I RT 01 RW 01 Kalirejo, Kokap, Kulonprogo, DIY', 'SMA N 1 Wates', 'Kulonprogo', 3, 'M', 'Dingin', 'Demam Berdarah', 'Tidak ada', 'Tidak vegetarian', 'Ya', '2015-07-27 12:38:27', '2015-07-28 15:45:07'),
(490, '12150058', 11, 'maria seweng', 'Perempuan', 'watu alo', '1997-06-18', 'O', 'Katholik', '085338386561', '0', 'ruteng,manggarai,flores NTT', 'Sagan', 'SMA ST.KLAUS KUWU RUTENG ', 'RUTENG', 7, 'S', 'Tidak ada', 'MAAG', 'Tidak ada', 'BISA MAKAN TELUR ', 'Tidak', '2015-07-27 12:51:53', '2015-07-28 15:45:29'),
(491, '61150086', 38, 'Filda Feliksina Rumbewas', 'Perempuan', 'Biak', '1998-01-24', 'A', 'Kristen', '082135250226', '08224855703', 'Jln Marsudi Samofa Biak -Papua', 'Jln. Babarsari caturtunggal glondongan TB 15', 'SMA YPK 1 BIAK KOTA', 'BIAK-PAPUA', 6, 'S', 'Tidak ada', 'Tidak ada', 'Tidak ada', 'Tidak vegetarian', 'Tidak', '2015-07-27 12:52:06', '2015-07-28 15:46:25'),
(492, '31150038', 8, 'KAREN NATASHA HERMAN', 'Perempuan', 'BANDUNG', '1996-11-29', 'B', 'Kristen', '087827551449', '08122162817', 'KOPO PERMAI II 26A NO 16', 'JALAN GEJAYAN GG ALAMANDA NO 7', 'SMAK KALAM KUDUS', 'BANDUNG', 3, 'S', 'Tidak ada', 'Tidak ada', 'Tidak ada', 'Tidak vegetarian', 'Ya', '2015-07-27 12:56:30', '2015-07-28 15:46:48'),
(493, '12150060', NULL, 'Rawat Setiawan Tuloy ', 'Laki-laki', 'Luwuk', '1997-06-16', 'B', 'Kristen', '085757170935', '085280440612', 'Jln.Tuna no 32 ,Luwuk Sulteng', 'Cepit Baru', 'Rawat Setiawan Tuloy', 'SMAN 1 Luwuk', 7, 'S', 'Tidak ada', 'Tidak ada', 'Tidak ada', 'Tidak vegetarian', 'Tidak', '2015-07-27 13:06:34', '2015-07-27 13:06:34'),
(494, '41150010', 8, 'Bulan Marchellia Wijaya', 'Perempuan', 'Surakarta', '1997-03-22', 'O', 'Katholik', '087836597066', '08386417938', 'Jl.Srigunting VII no 10 Gremet, Manahan Solo', '', 'SMA Regina Pacis Surakarta', 'Surakarta', 10, 'L', 'Tidak ada', 'Tidak ada', 'Tidak ada', 'Tidak vegetarian', 'Ya', '2015-07-27 13:22:28', '2015-07-30 13:19:31'),
(495, '72150033', 36, 'Thimoty Kevin Hany Purnom', 'Laki-laki', 'Semarang', '1997-10-24', 'O', 'Kristen', '087853682446', '08170594887', 'Jagir Sidomukti 9/19 Surabaya', 'Perum. Pesona Kuantan B4 , Tegalrejo', 'SMA BOPKRI 1', 'Yogyakarta', 2, 'M', 'Tidak ada', 'Tidak ada', 'Tidak ada', 'Tidak vegetarian', 'Tidak', '2015-07-27 13:22:49', '2015-07-28 15:49:58'),
(496, '11150086', 23, 'novan', 'Laki-laki', 'jakarta', '1994-08-13', 'A', 'Kristen', '081226799888', '081392090982', 'jalan jambon perum pondok intan permai 3 c-9', 'jalan jambon Perum Pondok Intan Permai 3 c-9', 'budya wacana', 'yogyakarta', 8, 'M', 'Tidak ada', 'Tidak ada', 'Tidak ada', 'Tidak vegetarian', 'Ya', '2015-07-27 14:35:40', '2015-07-28 15:50:29'),
(497, '72150041', 13, 'Firmansyah Pratama Lara', 'Perempuan', 'Salukaia', '1997-11-26', 'O', 'Kristen', '082189358907', '082188380987', 'Desa Salukaia Jl.Pariwisata', 'Klitren lor Gk 3 No.317 Kec.Gondokusuman', 'SMK NEGERI 2 PALU', 'Kota Palu', 2, 'L', 'Tidak ada', 'Tidak ada', 'Tidak ada', 'Tidak vegetarian', 'Tidak', '2015-07-27 14:51:13', '2015-07-28 15:50:51'),
(498, '12150061', 2, 'GUIDELIA SUMANDRIANA BORDIN', 'Perempuan', 'Pateng', '1997-09-12', 'O', 'Katholik', '081337783949', '085237733550', 'WONTONG, Manggarai Barat, NTT', 'Jln Paingan', 'SMA St Klaus Kuwu ', 'Ruteng-Manggarai- NTT', 7, 'S', 'Tidak ada', 'Tidak ada', 'Tidak ada', 'Ngga bisa makan daging', 'Ya', '2015-07-28 10:29:30', '2015-07-28 16:10:28'),
(499, '12150062', 9, 'BRIGITTA DWI SAPUTRI', 'Perempuan', 'KLATEN', '1997-07-24', 'A', 'Katholik', '085799351860', '081548583349', 'KERTEN, KERTEN, GANTIWARNO KLATEN', '', 'SMA N 1 PRAMBANAN KLATEN', 'KLATEN', 7, 'S', 'Tidak ada', 'Tidak ada', 'Tidak ada', 'Tidak vegetarian', 'Ya', '2015-07-28 10:48:11', '2015-07-28 16:09:13'),
(500, '01150002', 18, 'TANTI YOHAN PURBA', 'Perempuan', 'SILANDO', '1997-01-14', '', 'Kristen', '082166643384', '081362068448', 'MEDAN, SUMATERA UTARA', 'Jln. Mojo III, gendeng Baciro, Gondokusuman', 'SMA N 1 BALIGE, SUMATERA UTARA', 'BALIGE', 4, 'S', 'Tidak ada', 'Tidak ada', 'Kepiting', 'VEGETARIAN', 'Ya', '2015-07-28 10:59:50', '2015-07-28 16:08:37'),
(501, '11140096', 39, 'Richa Mega Puspita', 'Perempuan', 'purworejo', '2005-07-24', 'AB', 'Kristen', '081328737252', '081328789765', 'Gang Afrikan 1 No. 73 Pangenjuru tengah, Purworejo', 'Gang Klitren', 'SMA Negeri 1 Purworejo', 'Purworejo', 8, 'empty', 'Tidak ada', 'Tidak ada', 'Tidak ada', 'Tidak vegetarian', 'Ya', '2015-07-28 11:11:51', '2015-07-28 16:08:11'),
(502, '12150017', 9, 'Stiven Herman Murmana', 'Laki-laki', 'Nabire, Papua', '1996-10-30', 'A', 'Kristen', '085244984490', '081344897171', 'Nabire Papua', 'Klitren Lor', 'SMA YPPK Adhi Luhur Nabire', 'Nabire', 7, 'L', 'debu', 'Maag,', 'Udang', 'Tidak vegetarian', 'Tidak', '2015-07-28 11:20:43', '2015-07-28 16:06:24'),
(503, '72150045', 24, 'BRUTOS R N NGGADAS', 'Laki-laki', 'BO''A', '1996-05-16', 'O', 'Kristen', '085333643629', '081237639432', 'ROTE NDAO', 'SAMBILEGI', 'SMA N 1 ROTE BARAT NEMBERALA', 'ROTE NDAO', 2, 'S', 'Tidak ada', 'Retak tangan kiri', '', 'Tidak vegetarian', 'Tidak', '2015-07-28 11:25:30', '2015-07-29 11:00:44'),
(504, '61150087', 15, 'Indra Marlianto', 'Laki-laki', 'Nabire', '1998-03-24', 'A', 'Kristen', '085344027164', '085354016742', 'jln. samratulangi malokong', 'klitren lor GK III/P16 RT 07 RW 02', 'SMA YPPK Adhi Luhur Nabire', 'nabire', 6, 'S', 'debu', 'maag', 'udang', 'Tidak vegetarian', 'Ya', '2015-07-28 11:40:02', '2015-07-28 16:05:10'),
(505, '71150104', 12, 'Silfester Erawan Kasihiuw', 'Laki-laki', 'Merauke', '1997-04-28', 'A', 'Katholik', '082395509330', '0811495973', 'jl.gg RCTI II', 'Jogja', 'Smk Santo Antonius Merauke', 'Merauke', 1, 'M', 'Tidak ada', 'pernah patah tulang', 'Tidak ada', 'Tidak vegetarian', 'Tidak', '2015-07-28 11:45:53', '2015-07-28 16:00:22'),
(506, '61150009', 30, 'Silvana Yosephine', 'Perempuan', 'Pemalang', '1997-03-07', 'O', 'Kristen', '087711556161', '087700745858', 'Jl. Melati No 104, Pelutan, Pemalang, Jawa Tengah', 'Klitren, Gondokusuman 3/271', 'SMA Negeri 1', 'Pemalang', 6, 'M', 'Tidak ada', 'Tidak ada', 'Tidak ada', 'Tidak vegetarian', 'Tidak', '2015-07-28 12:10:26', '2015-07-28 15:59:42'),
(507, '61150040', 25, 'IGGA SATRIA ERKI PRAMILIANEKA', 'Laki-laki', 'GUNUNGKIDUL', '1997-05-11', 'O', 'Kristen', '087839974147', '081328548914', 'GADUNGSARI, WONOSARI, GUNUNGKIDUL', 'JOGJA', 'SMA N 2 PLAYEN', 'WONOSARI', 6, 'L', 'Tidak ada', 'Tidak ada', 'Tidak ada', 'Tidak vegetarian', 'Ya', '2015-07-28 12:51:09', '2015-07-28 15:59:11'),
(508, '12150055', 5, 'Andy Putra Leba Mude', 'Laki-laki', 'Waikabubak', '1996-09-29', 'O', 'Kristen', '085213436998', '0', 'Jl. Eltari no 27', 'Jl. Babarsari Tambakbayan VII', 'SMA N 1 Waikabubak', 'Waikabubak', 7, 'S', 'Tidak ada', 'Tidak ada', 'Tidak ada', 'Tidak vegetarian', 'Ya', '2015-07-28 13:15:29', '2015-07-28 15:58:16'),
(509, '61150088', 16, 'Andika Nico Reonaldy', 'Laki-laki', 'Temanggung', '1997-08-28', 'O', 'Kristen', '085641926016', '081915460248', 'Jalan Jumprit 17, Kauman RT 001/RW001, Ngadirejo, Temanggung', '', 'SMA N 2 Temanggung', 'Temanggung', 6, 'L', 'dingin', 'Tidak ada', 'Tidak ada', 'Tidak vegetarian', 'Ya', '2015-07-28 13:25:08', '2015-07-28 15:57:29'),
(510, '31150039', 33, 'HULDA NATASYA RACHMADI', 'Perempuan', 'SURAKARTA', '1996-12-29', 'A', 'Kristen', '089635082333', '08995207070', 'JL KALI KEPUNTON NO 4, RT 01/RW 13, JAGALAN, JEBRES, SURAKARTA', '', 'SMA NEGERI 3 SURAKARTA', 'SURAKARTA', 3, 'S', 'Tidak ada', 'Maagh\r\nPenyakit Tendon di lutut', 'Tidak ada', 'Tidak vegetarian', 'Ya', '2015-07-28 13:32:09', '2015-07-28 15:56:46'),
(511, '71150105', 29, 'Kunto Agung Yuhistiro', 'Laki-laki', 'KLATEN', '1997-05-24', 'O', 'Kristen', '085725588922', '081567873732', 'Poloharjo, Sobayan, Pedan, Klaten', '', 'SMK LEONARDO', 'KLATEN', 1, 'XL', 'Tidak ada', 'Tidak ada', 'Tidak ada', 'Tidak vegetarian', 'Tidak', '2015-07-28 13:55:06', '2015-07-28 15:55:55'),
(512, '61150089', 19, 'CHRISTIAN ADI WIBISONO', 'Laki-laki', 'AMBARAWA', '1997-04-05', 'B', 'Kristen', '081901251003', '081228657557', 'JL. DR. CIPTO 94A, AMBARAWA', '', 'SMA Kristen Satya Wacana Salatiga', 'SALATIGA', 6, 'L', 'Tidak ada', 'Tidak ada', 'Tidak ada', 'Tidak vegetarian', 'Ya', '2015-07-28 14:01:27', '2015-07-28 15:55:34'),
(513, '31150040', 25, 'HILLARY THALIA ABIGAIL T', 'Perempuan', 'MANADO', '1996-07-04', 'O', 'Kristen', '08994417994', '081387002549', 'MADIDIR WERU, LINGK I, BITUNG', '', 'SMA LOKON ST. NIKOLAUS TOMOHON', 'TOMOHON', 3, 'S', 'Tidak ada', 'ASMA', 'Tidak ada', 'Tidak vegetarian', 'Tidak', '2015-07-28 14:30:52', '2015-07-28 15:55:09'),
(515, '72150013', 37, 'MARCELLINUS PRADIPTA CH', 'Laki-laki', 'Yogyakarta', '1997-06-03', 'B', 'Katholik', '087738206889', '08157930921', 'Jln.Suryoputra 21 Yogyakarta', 'Perum Kanisus C5 Ngemplak Sleman', 'SMA Kolose De Brito', 'Yogyakarta', 2, 'M', 'Tidak ada', 'Lutut kanan (kegeser) tidak boleh terlalu nekuk', 'Tidak ada', 'Tidak vegetarian', 'Tidak', '2015-07-29 09:31:46', '2015-07-29 15:13:19'),
(516, '71150106', 26, 'Henri Kristianto Pradana ', 'Laki-laki', 'Kediri', '1996-12-09', 'O', 'Kristen', '085784589087', '085850236483', 'Desa Burengan RT 01/ RW 11, Kediri, Jawa Timur', 'Jogja', 'SMAN 3 KEDIRI', 'KEDIRI', 1, 'M', 'Tidak ada', 'Tidak ada', 'Tidak ada', 'Tidak vegetarian', 'Ya', '2015-07-29 09:56:24', '2015-07-29 15:14:13'),
(517, '72150011', 31, 'RICHARD SESA', 'Laki-laki', 'JAYAPURA', '1997-10-29', 'B', 'Kristen', '082291602378', '08124838002', 'TELKOMMAS PALAPA 7 NO.21, MAKASSAR-SULSEL', 'KLITRENLOR GK 3/296 RT.17 RW.04 ', 'SMA KRISTEN ELIM-MAKASSAR', 'MAKASSAR', 2, 'L', 'Tidak ada', 'Tidak ada', 'UDANG', 'Tidak vegetarian', 'Ya', '2015-07-29 10:08:59', '2015-07-29 15:10:29'),
(518, '12150063', 27, 'REGMY JASISKA NGGADAS', 'Perempuan', 'OELASIN', '1997-01-12', 'B', 'Kristen', '085238291397', '085239342115', 'OELASIN RT 001 RW 001 NTT', 'JOGJA', 'SMAN 1 LOBALAIN', 'LOBALAIN', 7, 'S', 'Tidak ada', 'ALERGI PANAS MATAHARI', 'UDANG', 'Tidak vegetarian', 'Tidak', '2015-07-29 10:45:59', '2015-07-29 15:09:45'),
(519, '71150107', 11, 'WILLY YERMAN CAROLES', 'Laki-laki', 'MANADO', '1997-08-04', 'A', 'Kristen', '082310694713', '085241496207', 'GRIYA LOKA 12/52 BSD SEKTOR 1.7 TANGERANG SELATAN BANTEN', 'JOGJA', 'SMAN 12 ', 'KOTA TANGERANG SELATAN', 1, 'XL', 'Tidak ada', 'Tidak ada', 'Tidak ada', 'Tidak vegetarian', 'Ya', '2015-07-29 11:13:29', '2015-07-29 15:08:53'),
(520, '11150088', 22, 'NIKITA APRIYAS NURAIDA', 'Perempuan', 'BREBES', '1996-04-13', 'A', 'Islam', '087836688559', '081804433965', 'MADU ASRI BLOK A JL.ARJUNA NO 76 RT02/08 GAWANAN, COLOMADU, KARANGANYAR, KOTA SOLO', '', 'SMA BATIK 1 SURAKARTA', 'SURAKARTA', 8, 'S', 'HAWA DINGIN', 'LEMAH JANTUNG,MAAG', 'UDANG KECIL', 'Tidak vegetarian', 'Tidak', '2015-07-29 11:14:10', '2015-07-29 15:07:28'),
(521, '61150090', 14, 'NIKOLAS', 'Laki-laki', 'PIMPING', '1997-01-31', 'AB', 'Kristen', '085250741297', '085822180567', 'JL. TRANS KALTIM, DESA PIMPING', 'GLAGAH UH4/354', 'SMA N 1 TG.PALAS UTARA', 'BULUNGAN', 6, 'L', 'Tidak ada', 'Tidak ada', 'Tidak ada', 'Tidak vegetarian', 'Ya', '2015-07-29 11:19:21', '2015-07-29 15:06:37'),
(522, '11150089', 32, 'BASILIA JUVENTIA', 'Perempuan', 'SEI JAMAN', '1998-01-02', 'B', 'Katholik', '089677457344', '085391761551', 'DESA SEI JAMAN', 'JALAN GATOTKACA NOMOR 4B MRICAN', 'SMA DON BOSCO SANGGAU', 'SANGGAU ', 8, 'L', 'Tidak ada', 'Tidak ada', 'SALAK', '_', 'Ya', '2015-07-29 11:39:15', '2015-07-29 15:05:59'),
(523, '11150025', 28, 'sindra dwi anjuni', 'Perempuan', 'makarti jaya', '1997-06-05', '', 'Kristen', '081336749916', '085249044703', 'ds.pandu senjaya RT 20 RW 04 kec.pangkalan lada kab. kotawaringin barat , Kalimantan Tengah', 'jl.kaliurang km 4,5', 'SMA NEGERI 1 PANGKALAN LADA', 'PANGKALAN BUN', 8, 'XXL', 'debu', 'migran\r\nsesak nafas', 'seafood\r\n', 'Tidak vegetarian', 'Tidak', '2015-07-29 11:45:38', '2015-07-29 15:05:31'),
(526, '11150091', 26, 'MELKA ARANCA', 'Perempuan', 'PIMPING', '1997-08-18', 'O', 'Kristen', '085245745053', '081545359331', 'JL.TANJUNG KERANJANG, KABUPATEN MALINAU. PROFENSI KALIMANTAN UTARA', 'JL. MONDOLIKO UHT NO 769', 'SMKN 2 MALINAU KOTA', 'MALINAU KOTA', 8, 'M', 'Tidak ada', 'Tidak ada', 'Tidak ada', 'Tidak vegetarian', 'Ya', '2015-07-29 11:47:30', '2015-07-29 15:05:02'),
(527, '71150016', 3, 'VIEVIN EFENDY', 'Perempuan', 'SURAKARTA', '1997-09-01', 'B', 'Budha', '087835283217', '085229175677', 'JALAN BERUANG AA 29 LANGENHARJO, SOLOBARU', 'KLITREN', 'SMA REGINA PACIS SURAKARTA', 'SURAKARTA', 1, 'M', 'Tidak ada', 'Tidak ada', 'Tidak ada', 'Tidak vegetarian', 'Tidak', '2015-07-29 11:55:59', '2015-07-29 15:03:33'),
(528, '11150087', 17, 'novditya prema suharjanto', 'Laki-laki', 'Yogyakarta', '1996-11-06', 'B', 'Kristen', '08988796299', '089512149375', 'yogyakarta', 'klitren lor', 'Smk BOPKRI SATU', 'YOGYAKARTA', 8, 'XL', 'Tidak ada', 'Tidak ada', 'IKAN LAUT', 'Tidak vegetarian', 'Ya', '2015-07-29 12:25:03', '2015-07-29 15:02:59'),
(529, '31150041', 5, 'ADELIA GABRIELLA RAYO NAPANG', 'Perempuan', 'MAKASSAR', '1997-12-31', 'A', 'Kristen', '085256682718', '082393990098', 'JLN.TRANS SULAWESI NO 97 MANGKUTANA KAB.LUWU TIMUR SULAWESI SELATAN', 'JALAN TAMBAK BAYAN 8 NO 8F', 'SMA KRISTEN BARANA', 'TORAJA UTARA', 3, 'M', 'Tidak ada', 'MAAG', 'Tidak ada', 'Tidak vegetaria', 'Ya', '2015-07-29 13:39:15', '2015-07-29 15:02:04'),
(531, '61150092', 12, 'Abigael Rante Panggalo', 'Perempuan', 'Sangatta', '1996-02-19', 'A', 'Kristen', '085252564088', '082135901299', 'Kalimantan Timur, Sangatta  Kabo Jaya Jl. Sawi no 61 RT 07 Swarga Bara ', '', 'SMA N 1 Sangatta Selatan ', 'Kalimantan Timur (Sangatta )', 6, 'S', 'Dingin ', 'Tidak ada', 'Tidak ada', ' vegetarian', 'Tidak', '2015-07-29 14:54:18', '2015-07-29 15:01:09'),
(532, '71150108', 38, 'OKTAVIANUS BIMA AJI SETIAWAN', 'Laki-laki', 'KARANGANYAR', '1997-08-05', 'B', 'Kristen', '087835232320', '08179488408', 'PENCIL RT.04/RW.03 JATIREJO JUMAPOLO KARANGANYAR', 'YOGYA', 'SMK WARGA SURAKARTA', 'SURAKARTA', 1, 'L', 'Tidak ada', 'TIFUS', 'Tidak ada', 'Tidak vegetarian', 'Ya', '2015-07-30 09:49:34', '2015-07-30 15:34:11'),
(533, '11150092', 16, 'RAHELIA JELITA HANDONO', 'Perempuan', 'CILACAP', '1997-04-07', '', 'Kristen', '085700021235', '081327171778', 'JALAN LETKOL SUDARSO NO.09 RT2 RW1 BAJING KROYA ', 'YOGYA', 'SMA NEGERI 1 KROYA', 'CILACAP', 8, 'S', 'Tidak ada', 'TIDAK BISA TERLALU CAPE (OPRASI AMANDEL,OPRASI USUS BUNTU,DB,TYPUS)', 'Tidak ada', 'Tidak vegetarian', 'Ya', '2015-07-30 09:59:41', '2015-07-30 15:33:54'),
(534, '31150009', 3, 'DHARMAWAN ASADHA GUNAWAN', 'Laki-laki', 'MAGELANG', '1997-07-11', 'O', 'Budha', '081915438493', '081903903533', 'JALAN KARTINI NOMOR 4 MUNTILAN', 'KLITREN LOR GANG 3 NOMOR 273 ', 'SMA NEGERI 1 MAGELANG', 'KODYA MAGELANG', 3, 'XXXXXL', 'UDARA DINGIN', 'Tidak ada', 'Tidak ada', 'Tidak vegetarian', 'Tidak', '2015-07-30 10:11:36', '2015-07-30 15:33:37'),
(535, '72150040', 29, 'YOSUA KURNIADI SETIAWAN', 'Laki-laki', 'PEKALONGAN', '1998-03-27', 'O', 'Kristen', '085642880602', '08122927611', 'DS. WANGANDOWO 322 RT.04/02, KEC. BOJONG, KAB. PEKLONGAN', 'PERUM PURIPERMATA NO.13, KEC. CONDONGCATUR, KAB. SLEMAN', 'SMA 1 KAJEN', 'PEKALONGAN', 2, 'XL', 'Tidak ada', 'Tidak ada', 'Tidak ada', 'Tidak vegetarian', 'Ya', '2015-07-30 10:12:02', '2015-07-30 15:33:14'),
(536, '11150021', 2, 'MARIA ANGELICA', 'Perempuan', 'MADIUN', '1997-08-31', '', 'Kristen', '081233572113', '08819118450', 'JL. ENDAH MANIS RAYA E2 NO.3 MADIUN', 'YOGYA', 'SMA SANTO BONAVENTURA', 'MADIUN', 8, 'S', 'Tidak ada', 'Tidak ada', 'Tidak ada', 'Tidak vegetarian', 'Tidak', '2015-07-30 10:17:46', '2015-07-30 15:32:59'),
(537, '61150093', 20, 'HARY CHRISTIAN ANUGRAHNU', 'Laki-laki', 'BENTOT', '1996-11-15', 'A', 'Kristen', '082153061640', '081348059906', 'JL. Manunggal RT. 03, Bentot. Kec. Patangkep Tutui. Kab. Barito Timur. Kalteng', '-', 'SMAN 1 TANJUNG', 'Tamiang Layang', 6, 'XL', 'Tidak ada', 'Tidak ada', 'Tidak ada', '-', 'Ya', '2015-07-30 11:18:44', '2015-07-30 15:32:39'),
(538, '111550090', 34, 'NYOMAN MARA PURNA WIJAYA', 'Laki-laki', 'sebuluh', '1995-12-31', '', 'Hindu', '082184012878', '082324293872', 'desa bujuk agung\r\nkec. banjar margo\r\nkab. tulang bawang\r\nprov. lampung', 'kp. sorowajan\r\nkec. banguntapan\r\nkab.bantul', 'SMAN 1 BANJAR MARGO', 'TULANG BAWANG', 8, 'M', 'Tidak ada', 'ALERGI DINGIN, DEBU\r\nASMA', 'Tidak ada', 'Tidak vegetarian', 'Tidak', '2015-07-30 11:21:11', '2015-07-30 15:32:18'),
(539, '31150042', 25, 'ASTRIA KAMI', 'Perempuan', 'MAMBORO', '1997-08-31', 'O', 'Kristen', '085333430741', '085239381333', 'MAMBORO', 'KLITREN', 'SMA KRISTEN WIABAKUL', 'WAIBAKUL', 3, 'S', 'ALERGI DINGIN TIDAK TERLALU TAHAN DENGAN DINGIN AC\r\nANTISIPASI JAKET, MASKER DAN OBAT\r\nUDARA TERLALU DINGIN BISA SAMPAI PINGSAN', 'SESAK NAFAS AKIBAT DINGIN\r\nUSUS BUNTU', 'Tidak ada', 'Tidak vegetarian', 'Ya', '2015-07-30 11:53:02', '2015-07-30 15:31:52'),
(540, '41150039', 19, 'MEIZA DWIHESTIARINI ', 'Perempuan', 'SALATIGA', '1996-05-19', 'O', 'Kristen', '081228080763', '08112710370', 'JALAN JAMBEWANGI NO 13 SALATIGA ', 'JALAN KLITREN LOR GG 3 NO 168', 'SMA NEGERI 1 SALATIGA', 'SALATIGA', 10, 'L', 'DEBU', 'MAAG', 'IKAN TONGKOL', 'Tidak vegetarian', 'Ya', '2015-07-30 12:22:00', '2015-07-30 15:31:30'),
(541, '41150055', 30, 'Christian Hans Suprapto', 'Laki-laki', 'Madiun', '1997-06-24', 'B', 'Kristen', '085646691300', '0816569098', 'Jln. Trunojoyo no 85/121A', 'Jogjakarta ', 'SMAN 3 MADIUN', 'MADIUN', 10, 'XL', 'Debu', 'Tidak ada', 'Udang ', 'Tidak vegetarian', 'Tidak', '2015-07-30 12:24:38', '2015-07-30 15:31:09'),
(542, '71150023', 23, 'Thomas Agung Banyubiru Putro Kinasih', 'Laki-laki', 'Tanjung Enim', '1997-12-29', 'AB', 'Katholik', '085712126695', '081373551190', 'Jl. Kramat No. 82, talang jawa', 'G. Bambang Tutuko No.105 Pringgodani', 'SMA BOPKRI 2', 'YOGYAKARTA', 1, 'L', 'Tidak ada', 'Tidak ada', 'Tidak ada', 'Tidak vegetarian', 'Tidak', '2015-07-30 12:39:48', '2015-07-30 15:30:45'),
(543, '41150056', 16, 'Bryan Christian Anderson', 'Laki-laki', 'Gunungkidul', '1996-06-17', 'O', 'Katholik', '087829033023', '081328285686', 'Perum Kampung Ambarukmo 1 Kav 12, Banguntapan, Bantul.', 'Perum Kampung Ambarukmo 1 Kav 12, Banguntapan, Bantul.', 'SMA Kolese De Britto', 'Yogyakarta', 10, 'L', 'Dingin Bersin-bersin', 'Tidak ada', 'Tidak ada', 'Tidak vegetarian', 'Ya', '2015-07-30 12:40:32', '2015-07-30 15:30:12'),
(544, '11150093', 7, 'andre prasetya wibowo', 'Laki-laki', 'Jakarta', '1996-06-20', 'AB', 'Katholik', '0272322194', '0811252052', 'jalan.pemuda no.150 Klaten', '', 'SMA Marsudirini Muntilan', 'Muntilan', 8, 'XXXXL', 'Tidak ada', 'Tidak ada', 'Tidak ada', 'Tidak vegetarian', 'Ya', '2015-07-30 13:06:52', '2015-07-30 15:29:37'),
(545, '71150109', 31, 'Ribka Angelia Surbakti', 'Perempuan', 'Pematangsiantar', '1997-06-17', 'O', 'Kristen', '087802216858', '082366070764', 'Jalan Nagahuta gang Antara Kanan Pematangsiantar, Sumatera Utara', 'Jalan Janti Kanoman, Banguntapan Bantul, Yogyakarta', 'SMA NEGERI 1 PEMATANGSIANTAR', 'PEMATANGSIANTAR', 1, 'S', 'Tidak ada', 'Tidak ada', 'Tidak ada', 'Tidak vegetarian', 'Ya', '2015-07-30 13:58:18', '2015-07-30 15:28:59'),
(546, '31150043', 35, 'EMMANUEL SATRIO CHRISTIANDI', 'Laki-laki', 'CIBINONG', '1996-11-28', 'O', 'Katholik', '085695140314', '085782713843', 'JL RAYA BOGOR KM 47,5 RT:01 RW:02 NO:90 CIBINONG, BOGOR', 'JL KUSBINI NO:19, JOGJAKARTA', 'SMA MARDI WALUYA CIBINONG', 'BOGOR', 3, 'M', 'Tidak ada', 'Tidak ada', 'Tidak ada', 'Tidak vegetarian', 'Tidak', '2015-07-30 14:30:53', '2015-07-30 15:28:31');

-- --------------------------------------------------------

--
-- Table structure for table `prodis`
--

CREATE TABLE IF NOT EXISTS `prodis` (
`id` int(2) NOT NULL,
  `nama_prodi` varchar(50) NOT NULL
) ENGINE=InnoDB AUTO_INCREMENT=11 DEFAULT CHARSET=latin1;

--
-- Dumping data for table `prodis`
--

INSERT INTO `prodis` (`id`, `nama_prodi`) VALUES
(1, 'Teknik Informatika'),
(2, 'Sistem Informasi'),
(3, 'Bioteknologi'),
(4, 'Teologi'),
(5, 'Desain Produk'),
(6, 'Arsitektur'),
(7, 'Akuntansi'),
(8, 'Manajemen'),
(10, 'Kedokteran');

-- --------------------------------------------------------

--
-- Table structure for table `users`
--

CREATE TABLE IF NOT EXISTS `users` (
`id` int(11) NOT NULL,
  `username` varchar(50) NOT NULL,
  `password` varchar(512) NOT NULL,
  `role` varchar(100) NOT NULL,
  `created` datetime DEFAULT NULL,
  `modified` datetime DEFAULT NULL
) ENGINE=InnoDB AUTO_INCREMENT=3 DEFAULT CHARSET=latin1;

--
-- Dumping data for table `users`
--

INSERT INTO `users` (`id`, `username`, `password`, `role`, `created`, `modified`) VALUES
(1, 'adminoka', '$2a$10$qaLSvKvgSnts8a.60ybq8OOPpWBz1NomWj07bIkQWEV7n3tVQEu0.', 'admin', '2015-06-10 22:27:51', '2015-06-10 22:27:51'),
(2, 'useroka1', '$2a$10$LNY6nvRj.T.oSG6jBDzcEOWVzdqMaFWcNkzpCeaXHFuPITKbn2txW', 'user', '2015-06-10 22:29:05', '2015-06-11 12:34:12');

--
-- Indexes for dumped tables
--

--
-- Indexes for table `kelompoks`
--
ALTER TABLE `kelompoks`
 ADD PRIMARY KEY (`id`);

--
-- Indexes for table `pesertas`
--
ALTER TABLE `pesertas`
 ADD PRIMARY KEY (`id`);

--
-- Indexes for table `prodis`
--
ALTER TABLE `prodis`
 ADD PRIMARY KEY (`id`);

--
-- Indexes for table `users`
--
ALTER TABLE `users`
 ADD PRIMARY KEY (`id`);

--
-- AUTO_INCREMENT for dumped tables
--

--
-- AUTO_INCREMENT for table `kelompoks`
--
ALTER TABLE `kelompoks`
MODIFY `id` int(11) NOT NULL AUTO_INCREMENT,AUTO_INCREMENT=40;
--
-- AUTO_INCREMENT for table `pesertas`
--
ALTER TABLE `pesertas`
MODIFY `id` int(11) NOT NULL AUTO_INCREMENT,AUTO_INCREMENT=547;
--
-- AUTO_INCREMENT for table `prodis`
--
ALTER TABLE `prodis`
MODIFY `id` int(2) NOT NULL AUTO_INCREMENT,AUTO_INCREMENT=11;
--
-- AUTO_INCREMENT for table `users`
--
ALTER TABLE `users`
MODIFY `id` int(11) NOT NULL AUTO_INCREMENT,AUTO_INCREMENT=3;--
-- Database: `phpmyadmin`
--

-- --------------------------------------------------------

--
-- Table structure for table `pma_bookmark`
--

CREATE TABLE IF NOT EXISTS `pma_bookmark` (
`id` int(11) NOT NULL,
  `dbase` varchar(255) COLLATE utf8_bin NOT NULL DEFAULT '',
  `user` varchar(255) COLLATE utf8_bin NOT NULL DEFAULT '',
  `label` varchar(255) CHARACTER SET utf8 NOT NULL DEFAULT '',
  `query` text COLLATE utf8_bin NOT NULL
) ENGINE=MyISAM DEFAULT CHARSET=utf8 COLLATE=utf8_bin COMMENT='Bookmarks';

-- --------------------------------------------------------

--
-- Table structure for table `pma_column_info`
--

CREATE TABLE IF NOT EXISTS `pma_column_info` (
`id` int(5) unsigned NOT NULL,
  `db_name` varchar(64) COLLATE utf8_bin NOT NULL DEFAULT '',
  `table_name` varchar(64) COLLATE utf8_bin NOT NULL DEFAULT '',
  `column_name` varchar(64) COLLATE utf8_bin NOT NULL DEFAULT '',
  `comment` varchar(255) CHARACTER SET utf8 NOT NULL DEFAULT '',
  `mimetype` varchar(255) CHARACTER SET utf8 NOT NULL DEFAULT '',
  `transformation` varchar(255) COLLATE utf8_bin NOT NULL DEFAULT '',
  `transformation_options` varchar(255) COLLATE utf8_bin NOT NULL DEFAULT ''
) ENGINE=MyISAM DEFAULT CHARSET=utf8 COLLATE=utf8_bin COMMENT='Column information for phpMyAdmin';

-- --------------------------------------------------------

--
-- Table structure for table `pma_designer_coords`
--

CREATE TABLE IF NOT EXISTS `pma_designer_coords` (
  `db_name` varchar(64) COLLATE utf8_bin NOT NULL DEFAULT '',
  `table_name` varchar(64) COLLATE utf8_bin NOT NULL DEFAULT '',
  `x` int(11) DEFAULT NULL,
  `y` int(11) DEFAULT NULL,
  `v` tinyint(4) DEFAULT NULL,
  `h` tinyint(4) DEFAULT NULL
) ENGINE=MyISAM DEFAULT CHARSET=utf8 COLLATE=utf8_bin COMMENT='Table coordinates for Designer';

-- --------------------------------------------------------

--
-- Table structure for table `pma_history`
--

CREATE TABLE IF NOT EXISTS `pma_history` (
`id` bigint(20) unsigned NOT NULL,
  `username` varchar(64) COLLATE utf8_bin NOT NULL DEFAULT '',
  `db` varchar(64) COLLATE utf8_bin NOT NULL DEFAULT '',
  `table` varchar(64) COLLATE utf8_bin NOT NULL DEFAULT '',
  `timevalue` timestamp NOT NULL DEFAULT CURRENT_TIMESTAMP ON UPDATE CURRENT_TIMESTAMP,
  `sqlquery` text COLLATE utf8_bin NOT NULL
) ENGINE=MyISAM DEFAULT CHARSET=utf8 COLLATE=utf8_bin COMMENT='SQL history for phpMyAdmin';

-- --------------------------------------------------------

--
-- Table structure for table `pma_navigationhiding`
--

CREATE TABLE IF NOT EXISTS `pma_navigationhiding` (
  `username` varchar(64) COLLATE utf8_bin NOT NULL,
  `item_name` varchar(64) COLLATE utf8_bin NOT NULL,
  `item_type` varchar(64) COLLATE utf8_bin NOT NULL,
  `db_name` varchar(64) COLLATE utf8_bin NOT NULL,
  `table_name` varchar(64) COLLATE utf8_bin NOT NULL
) ENGINE=InnoDB DEFAULT CHARSET=utf8 COLLATE=utf8_bin COMMENT='Hidden items of navigation tree';

-- --------------------------------------------------------

--
-- Table structure for table `pma_pdf_pages`
--

CREATE TABLE IF NOT EXISTS `pma_pdf_pages` (
  `db_name` varchar(64) COLLATE utf8_bin NOT NULL DEFAULT '',
`page_nr` int(10) unsigned NOT NULL,
  `page_descr` varchar(50) CHARACTER SET utf8 NOT NULL DEFAULT ''
) ENGINE=MyISAM DEFAULT CHARSET=utf8 COLLATE=utf8_bin COMMENT='PDF relation pages for phpMyAdmin';

-- --------------------------------------------------------

--
-- Table structure for table `pma_recent`
--

CREATE TABLE IF NOT EXISTS `pma_recent` (
  `username` varchar(64) COLLATE utf8_bin NOT NULL,
  `tables` text COLLATE utf8_bin NOT NULL
) ENGINE=MyISAM DEFAULT CHARSET=utf8 COLLATE=utf8_bin COMMENT='Recently accessed tables';

--
-- Dumping data for table `pma_recent`
--

INSERT INTO `pma_recent` (`username`, `tables`) VALUES
('root', '[{"db":"okadb","table":"pesertas"},{"db":"okadb","table":"kelompoks"},{"db":"phpmyadmin","table":"pma_column_info"},{"db":"phpmyadmin","table":"pma_designer_coords"},{"db":"phpmyadmin","table":"pma_history"},{"db":"phpmyadmin","table":"pma_pdf_pages"},{"db":"phpmyadmin","table":"pma_recent"},{"db":"phpmyadmin","table":"pma_relation"},{"db":"cdcol","table":"cds"},{"db":"mysql","table":"user"}]');

-- --------------------------------------------------------

--
-- Table structure for table `pma_relation`
--

CREATE TABLE IF NOT EXISTS `pma_relation` (
  `master_db` varchar(64) COLLATE utf8_bin NOT NULL DEFAULT '',
  `master_table` varchar(64) COLLATE utf8_bin NOT NULL DEFAULT '',
  `master_field` varchar(64) COLLATE utf8_bin NOT NULL DEFAULT '',
  `foreign_db` varchar(64) COLLATE utf8_bin NOT NULL DEFAULT '',
  `foreign_table` varchar(64) COLLATE utf8_bin NOT NULL DEFAULT '',
  `foreign_field` varchar(64) COLLATE utf8_bin NOT NULL DEFAULT ''
) ENGINE=MyISAM DEFAULT CHARSET=utf8 COLLATE=utf8_bin COMMENT='Relation table';

-- --------------------------------------------------------

--
-- Table structure for table `pma_savedsearches`
--

CREATE TABLE IF NOT EXISTS `pma_savedsearches` (
`id` int(5) unsigned NOT NULL,
  `username` varchar(64) COLLATE utf8_bin NOT NULL DEFAULT '',
  `db_name` varchar(64) COLLATE utf8_bin NOT NULL DEFAULT '',
  `search_name` varchar(64) COLLATE utf8_bin NOT NULL DEFAULT '',
  `search_data` text COLLATE utf8_bin NOT NULL
) ENGINE=InnoDB DEFAULT CHARSET=utf8 COLLATE=utf8_bin COMMENT='Saved searches';

-- --------------------------------------------------------

--
-- Table structure for table `pma_table_coords`
--

CREATE TABLE IF NOT EXISTS `pma_table_coords` (
  `db_name` varchar(64) COLLATE utf8_bin NOT NULL DEFAULT '',
  `table_name` varchar(64) COLLATE utf8_bin NOT NULL DEFAULT '',
  `pdf_page_number` int(11) NOT NULL DEFAULT '0',
  `x` float unsigned NOT NULL DEFAULT '0',
  `y` float unsigned NOT NULL DEFAULT '0'
) ENGINE=MyISAM DEFAULT CHARSET=utf8 COLLATE=utf8_bin COMMENT='Table coordinates for phpMyAdmin PDF output';

-- --------------------------------------------------------

--
-- Table structure for table `pma_table_info`
--

CREATE TABLE IF NOT EXISTS `pma_table_info` (
  `db_name` varchar(64) COLLATE utf8_bin NOT NULL DEFAULT '',
  `table_name` varchar(64) COLLATE utf8_bin NOT NULL DEFAULT '',
  `display_field` varchar(64) COLLATE utf8_bin NOT NULL DEFAULT ''
) ENGINE=MyISAM DEFAULT CHARSET=utf8 COLLATE=utf8_bin COMMENT='Table information for phpMyAdmin';

-- --------------------------------------------------------

--
-- Table structure for table `pma_table_uiprefs`
--

CREATE TABLE IF NOT EXISTS `pma_table_uiprefs` (
  `username` varchar(64) COLLATE utf8_bin NOT NULL,
  `db_name` varchar(64) COLLATE utf8_bin NOT NULL,
  `table_name` varchar(64) COLLATE utf8_bin NOT NULL,
  `prefs` text COLLATE utf8_bin NOT NULL,
  `last_update` timestamp NOT NULL DEFAULT CURRENT_TIMESTAMP ON UPDATE CURRENT_TIMESTAMP
) ENGINE=MyISAM DEFAULT CHARSET=utf8 COLLATE=utf8_bin COMMENT='Tables'' UI preferences';

-- --------------------------------------------------------

--
-- Table structure for table `pma_tracking`
--

CREATE TABLE IF NOT EXISTS `pma_tracking` (
  `db_name` varchar(64) COLLATE utf8_bin NOT NULL,
  `table_name` varchar(64) COLLATE utf8_bin NOT NULL,
  `version` int(10) unsigned NOT NULL,
  `date_created` datetime NOT NULL,
  `date_updated` datetime NOT NULL,
  `schema_snapshot` text COLLATE utf8_bin NOT NULL,
  `schema_sql` text COLLATE utf8_bin,
  `data_sql` longtext COLLATE utf8_bin,
  `tracking` set('UPDATE','REPLACE','INSERT','DELETE','TRUNCATE','CREATE DATABASE','ALTER DATABASE','DROP DATABASE','CREATE TABLE','ALTER TABLE','RENAME TABLE','DROP TABLE','CREATE INDEX','DROP INDEX','CREATE VIEW','ALTER VIEW','DROP VIEW') COLLATE utf8_bin DEFAULT NULL,
  `tracking_active` int(1) unsigned NOT NULL DEFAULT '1'
) ENGINE=MyISAM DEFAULT CHARSET=utf8 COLLATE=utf8_bin ROW_FORMAT=COMPACT COMMENT='Database changes tracking for phpMyAdmin';

-- --------------------------------------------------------

--
-- Table structure for table `pma_userconfig`
--

CREATE TABLE IF NOT EXISTS `pma_userconfig` (
  `username` varchar(64) COLLATE utf8_bin NOT NULL,
  `timevalue` timestamp NOT NULL DEFAULT CURRENT_TIMESTAMP ON UPDATE CURRENT_TIMESTAMP,
  `config_data` text COLLATE utf8_bin NOT NULL
) ENGINE=MyISAM DEFAULT CHARSET=utf8 COLLATE=utf8_bin COMMENT='User preferences storage for phpMyAdmin';

--
-- Dumping data for table `pma_userconfig`
--

INSERT INTO `pma_userconfig` (`username`, `timevalue`, `config_data`) VALUES
('root', '2015-06-05 03:13:36', '{"collation_connection":"utf8mb4_general_ci"}');

-- --------------------------------------------------------

--
-- Table structure for table `pma_usergroups`
--

CREATE TABLE IF NOT EXISTS `pma_usergroups` (
  `usergroup` varchar(64) COLLATE utf8_bin NOT NULL,
  `tab` varchar(64) COLLATE utf8_bin NOT NULL,
  `allowed` enum('Y','N') COLLATE utf8_bin NOT NULL DEFAULT 'N'
) ENGINE=InnoDB DEFAULT CHARSET=utf8 COLLATE=utf8_bin COMMENT='User groups with configured menu items';

-- --------------------------------------------------------

--
-- Table structure for table `pma_users`
--

CREATE TABLE IF NOT EXISTS `pma_users` (
  `username` varchar(64) COLLATE utf8_bin NOT NULL,
  `usergroup` varchar(64) COLLATE utf8_bin NOT NULL
) ENGINE=InnoDB DEFAULT CHARSET=utf8 COLLATE=utf8_bin COMMENT='Users and their assignments to user groups';

--
-- Indexes for dumped tables
--

--
-- Indexes for table `pma_bookmark`
--
ALTER TABLE `pma_bookmark`
 ADD PRIMARY KEY (`id`);

--
-- Indexes for table `pma_column_info`
--
ALTER TABLE `pma_column_info`
 ADD PRIMARY KEY (`id`), ADD UNIQUE KEY `db_name` (`db_name`,`table_name`,`column_name`);

--
-- Indexes for table `pma_designer_coords`
--
ALTER TABLE `pma_designer_coords`
 ADD PRIMARY KEY (`db_name`,`table_name`);

--
-- Indexes for table `pma_history`
--
ALTER TABLE `pma_history`
 ADD PRIMARY KEY (`id`), ADD KEY `username` (`username`,`db`,`table`,`timevalue`);

--
-- Indexes for table `pma_navigationhiding`
--
ALTER TABLE `pma_navigationhiding`
 ADD PRIMARY KEY (`username`,`item_name`,`item_type`,`db_name`,`table_name`);

--
-- Indexes for table `pma_pdf_pages`
--
ALTER TABLE `pma_pdf_pages`
 ADD PRIMARY KEY (`page_nr`), ADD KEY `db_name` (`db_name`);

--
-- Indexes for table `pma_recent`
--
ALTER TABLE `pma_recent`
 ADD PRIMARY KEY (`username`);

--
-- Indexes for table `pma_relation`
--
ALTER TABLE `pma_relation`
 ADD PRIMARY KEY (`master_db`,`master_table`,`master_field`), ADD KEY `foreign_field` (`foreign_db`,`foreign_table`);

--
-- Indexes for table `pma_savedsearches`
--
ALTER TABLE `pma_savedsearches`
 ADD PRIMARY KEY (`id`), ADD UNIQUE KEY `u_savedsearches_username_dbname` (`username`,`db_name`,`search_name`);

--
-- Indexes for table `pma_table_coords`
--
ALTER TABLE `pma_table_coords`
 ADD PRIMARY KEY (`db_name`,`table_name`,`pdf_page_number`);

--
-- Indexes for table `pma_table_info`
--
ALTER TABLE `pma_table_info`
 ADD PRIMARY KEY (`db_name`,`table_name`);

--
-- Indexes for table `pma_table_uiprefs`
--
ALTER TABLE `pma_table_uiprefs`
 ADD PRIMARY KEY (`username`,`db_name`,`table_name`);

--
-- Indexes for table `pma_tracking`
--
ALTER TABLE `pma_tracking`
 ADD PRIMARY KEY (`db_name`,`table_name`,`version`);

--
-- Indexes for table `pma_userconfig`
--
ALTER TABLE `pma_userconfig`
 ADD PRIMARY KEY (`username`);

--
-- Indexes for table `pma_usergroups`
--
ALTER TABLE `pma_usergroups`
 ADD PRIMARY KEY (`usergroup`,`tab`,`allowed`);

--
-- Indexes for table `pma_users`
--
ALTER TABLE `pma_users`
 ADD PRIMARY KEY (`username`,`usergroup`);

--
-- AUTO_INCREMENT for dumped tables
--

--
-- AUTO_INCREMENT for table `pma_bookmark`
--
ALTER TABLE `pma_bookmark`
MODIFY `id` int(11) NOT NULL AUTO_INCREMENT;
--
-- AUTO_INCREMENT for table `pma_column_info`
--
ALTER TABLE `pma_column_info`
MODIFY `id` int(5) unsigned NOT NULL AUTO_INCREMENT;
--
-- AUTO_INCREMENT for table `pma_history`
--
ALTER TABLE `pma_history`
MODIFY `id` bigint(20) unsigned NOT NULL AUTO_INCREMENT;
--
-- AUTO_INCREMENT for table `pma_pdf_pages`
--
ALTER TABLE `pma_pdf_pages`
MODIFY `page_nr` int(10) unsigned NOT NULL AUTO_INCREMENT;
--
-- AUTO_INCREMENT for table `pma_savedsearches`
--
ALTER TABLE `pma_savedsearches`
MODIFY `id` int(5) unsigned NOT NULL AUTO_INCREMENT;--
-- Database: `test`
--
--
-- Database: `webauth`
--

-- --------------------------------------------------------

--
-- Table structure for table `user_pwd`
--

CREATE TABLE IF NOT EXISTS `user_pwd` (
  `name` char(30) COLLATE latin1_general_ci NOT NULL DEFAULT '',
  `pass` char(32) COLLATE latin1_general_ci NOT NULL DEFAULT ''
) ENGINE=MyISAM DEFAULT CHARSET=latin1 COLLATE=latin1_general_ci;

--
-- Dumping data for table `user_pwd`
--

INSERT INTO `user_pwd` (`name`, `pass`) VALUES
('xampp', 'wampp');

--
-- Indexes for dumped tables
--

--
-- Indexes for table `user_pwd`
--
ALTER TABLE `user_pwd`
 ADD PRIMARY KEY (`name`);

/*!40101 SET CHARACTER_SET_CLIENT=@OLD_CHARACTER_SET_CLIENT */;
/*!40101 SET CHARACTER_SET_RESULTS=@OLD_CHARACTER_SET_RESULTS */;
/*!40101 SET COLLATION_CONNECTION=@OLD_COLLATION_CONNECTION */;
